scenario,depth_m,cell_area_m2,valid_area_m2,plane_radiant_flux_W,irradiance_mean_W_m2,irradiance_p10_W_m2,irradiance_median_W_m2,irradiance_p90_W_m2,irradiance_p99_W_m2,irradiance_max_grid_W_m2,illuminance_mean_lux,illuminance_median_lux,coverage_ge_0p017_pct,coverage_ge_0p1_pct,coverage_ge_1p0_pct
nominal,1.0,0.0395785873602882,510.24714824883546,0.0,0.0,0.0,0.0,0.0,0.0,0.0,0.0,0.0,0.0,0.0,0.0
nominal,2.0,0.0395785873602882,510.24714824883546,0.0,0.0,0.0,0.0,0.0,0.0,0.0,0.0,0.0,0.0,0.0,0.0
nominal,3.0,0.0395785873602882,510.24714824883546,0.0,0.0,0.0,0.0,0.0,0.0,0.0,0.0,0.0,0.0,0.0,0.0
nominal,4.0,0.0395785873602882,510.24714824883546,0.0,0.0,0.0,0.0,0.0,0.0,0.0,0.0,0.0,0.0,0.0,0.0
nominal,6.0,0.0395785873602882,510.24714824883546,286.2613780294845,0.5610249445037203,0.002001096267063577,0.020616406535193955,0.712332194959241,12.892297683795537,14.06908843841973,171.4541775753102,6.273077350003769,53.60688799255352,24.061433447098977,8.563450201675456
nominal,7.0,0.0395785873602882,510.24714824883546,185.98344791827725,0.3644967905388028,0.005788264115935305,0.06509265365276343,1.393663145524861,2.580699795700644,2.6006238304359073,111.39415654098605,19.867827675823186,72.02916537387527,42.06484641638225,13.395904436860068
nominal,8.0,0.0395785873602882,510.24714824883546,122.96915538410985,0.2409992016734226,0.011005934895801957,0.11742916726291183,0.7424368350341257,0.8536319093486899,0.8657188258992703,73.65456208956176,35.971733899744045,83.50915296307788,52.97083462612473,0.0
nominal,9.0,0.0395785873602882,510.24714824883546,81.92717008082403,0.16056370008533605,0.016631807088431812,0.13930029517489717,0.34686688711295854,0.36624818548378707,0.37408942410425267,49.07361732304153,42.73224331744481,89.7378219050574,58.65653118212845,0.0
nominal,10.0,0.0395785873602882,510.24714824883546,54.68506366751267,0.10717367819730383,0.020886152576855166,0.11667920441016358,0.18346878946641532,0.19187575334490195,0.19808554804642398,32.75789038933781,35.37151102235512,92.72417002792429,54.723859757989445,0.0
