f_power,dz,pos_jitter,c550,omega,eta,blue__misfit,blue__level,blue__pattern,green__misfit,green__level,green__pattern,red__misfit,red__level,red__pattern,par__misfit,par__level,par__pattern
1.3,-0.16666666666666652,0.0,0.15,0.6833333333333333,2.0,1.9182383481347176,1.9182306332603083,0.4535873670134995,1.9298192539203867,1.9298142823304132,0.5776137596675321,2.918910275933255,2.897886166018552,0.6486555432633626,1.8994825312122314,1.8994149321505263,0.5065965330907248
1.3,-0.16666666666666652,0.0,0.85,0.6833333333333333,2.0,0.483268998965014,0.31429481349812566,0.6415179943937228,0.7910284894601112,0.765219468764449,0.6345307535290385,2.028079493917843,1.0923933530650256,1.5182075203296292,0.554640098676787,0.546838146403084,0.4928377050211912
0.9,-0.16666666666666652,0.0,0.85,0.6833333333333333,2.0,0.4644009157935517,0.07732715959959335,0.6218716137568657,0.5810362175239138,0.5154875038099543,0.5878175734825668,1.9869836014405229,1.3242662888956729,1.3898678977889423,0.48216582098852695,0.3405324869957502,0.5958739993085727
0.9,-0.16666666666666652,0.0,0.85,0.6833333333333333,-0.33333333333333326,0.8444032381172754,0.8443910225369333,0.5149825692602098,0.6370771916820109,0.36540675419490226,0.6398972756740661,1.7777709792146157,0.9237681568816063,1.474460136680929,0.797775726473712,0.7966354771780962,0.5692481332689365
0.9,-0.16666666666666652,0.0,0.85,0.95,-0.33333333333333326,1.7849756730236999,1.7847634885424206,0.46555259045275865,1.5286986571667918,1.5285963267312734,0.5396486083870775,2.7437787459344567,2.1968301669970045,1.1844636142344491,1.7148874020850726,1.7144440779477854,0.46434708291695437
0.9,-0.16666666666666652,1.3333333333333333,0.85,0.95,-0.33333333333333326,1.7747789861189014,1.7747789136950516,0.43743901879522257,1.581567945941616,1.5815655807445326,0.6415183120996996,2.699589442650441,2.443582165594818,0.915123867294043,1.7308252357045608,1.7308156681344151,0.44584555525448266
0.9,1.5,1.3333333333333333,0.85,0.95,-0.33333333333333326,1.8655744929133784,1.8654969575302112,0.48177843544598387,1.7666480229523949,1.7665036699102739,0.5571566406652283,2.7327302119791184,2.4512405870596283,0.8654532016644404,1.8527250547164749,1.852623585495659,0.5154450802506104
1.3,0.6666666666666665,0.0,1.2,0.95,-0.33333333333333326,1.7475972565183264,1.7475971586318018,0.46348688426767176,1.4504738227489444,1.4500058306181662,0.5637864512284094,2.95033991730215,2.3914500621881185,1.2016063026767314,1.6934201326267333,1.6933949651948454,0.47035535706479714
1.3,0.6666666666666665,0.0,1.2,0.95,2.0,1.3627070377290174,1.3230280506689962,0.5878796789052555,1.5513332082889497,1.5080036044783611,0.5785951880960452,2.991619789943101,2.6511019814741976,0.9551397605217901,1.4389469978520832,1.4376538948357254,0.4335358739947093
0.9,0.6666666666666665,0.0,1.2,0.95,2.0,1.1238388292955355,1.1162414385330734,0.6360967971881694,1.306034742479712,1.305339308139219,0.4382062719765082,2.7341776293796087,2.6665020607683108,0.673777720863675,1.2848183442181054,1.2847808163199161,0.41317905562348073
0.9,0.6666666666666665,0.0,1.2,0.6833333333333333,2.0,0.677937423024977,-0.60656130664641,0.6806171773082988,0.4496170767009923,0.11190906734754041,0.5563988575326364,2.0846484988905374,1.1210545549096973,1.6452561743337697,0.3855660011945155,-0.15183663019259386,0.6259702485177534
0.9,0.6666666666666665,1.3333333333333333,1.2,0.6833333333333333,2.0,0.8929657360697865,-0.758369928488687,0.9875450952164319,0.5381644311998103,0.13335131353885796,0.7688502362927214,1.5696267825667514,1.3959714653101032,0.8374476626469726,0.6595071485080874,-0.03910785637683745,0.9891189297127896
0.9,0.6666666666666665,1.3333333333333333,0.5,0.6833333333333333,2.0,1.06086808982051,1.0607975748207124,0.5069641701189932,1.2223476479748672,1.2220848542878233,0.5569928515279253,2.1781436993701084,2.092652453279137,1.1897326689969856,1.1750301921147366,1.1746855383679777,0.5017371827061514
0.9,-1.0,1.3333333333333333,0.5,0.6833333333333333,2.0,0.7989730556212511,0.7985319181239865,0.47612783485470056,1.0198112306227813,1.0196532078185707,0.7219464486007509,2.1120438378393693,2.111962884276515,0.8413349535528313,0.9386753300787443,0.9386553476559977,0.5662635257046803
1.3,-1.0,1.3333333333333333,1.2,0.8166666666666667,-1.5,1.1932705337618201,1.1932330297387217,0.7343923411322086,0.7538485115327994,0.7535978654284683,0.6303729272297741,2.6359438554920485,-0.7520421173980758,5.022385268176309,1.0923966747236624,1.092393252913837,0.651684857513868
1.3,0.6666666666666665,1.3333333333333333,1.2,0.8166666666666667,-1.5,1.4222766105972198,1.4216659065519903,0.4551346606631956,0.9968085237865538,0.9968073327134028,0.5294175795741033,2.723322747105344,1.25836126615917,2.269034658899076,1.348155713509737,1.347893190762492,0.4863344270727416
1.3,0.6666666666666665,0.0,1.2,0.8166666666666667,-1.5,1.3591060675992506,1.3590032708475563,0.47477677303396976,0.9676156701086608,0.9675693338359593,0.4604112933055351,2.742325252929447,-0.7224216885025458,5.13597723487838,1.2897354793153901,1.2893862593812506,0.47198915815486003
1.3,0.6666666666666665,0.0,1.2,0.55,-1.5,0.4776245074438943,0.3516746098109992,0.6801512001003955,0.5467883894116463,-0.2609212111942298,0.7059739832006013,4.497447117068476,-4.497150023051156,0.5550101019027813,0.4810690630687917,0.2596303542532896,0.7347337259971041
0.9,0.6666666666666665,0.0,1.2,0.55,-1.5,0.4551342998435278,0.12536486002152425,0.5624152894366602,0.7274476835798556,-0.5920354256424218,1.0159266563656228,4.334473801962656,-4.333184284159172,1.6994260577328564,0.3848628860359312,0.025810628116836654,0.565450229825314
0.9,0.6666666666666665,0.0,1.2,0.55,0.833333333333333,0.611453668432931,-0.6114536674224575,0.9682672603030656,0.7914721814594292,-0.7376242945051967,0.8236076019643378,1.0781029809492477,0.07127275105013176,1.5098135492430957,0.596914243841673,-0.5710572973418391,0.9021087827404897
0.9,0.6666666666666665,0.0,0.5,0.55,0.833333333333333,0.8171273380890446,0.8169348224952339,0.6432391696160904,0.9385740273889054,0.9385739890965501,0.38409133765341635,1.8297371103502102,1.3645408135365114,1.4086593257656832,0.8650094643178543,0.8649941595954844,0.5008123135472033
0.7,1.5,2.0,0.85,0.55,-1.5,0.9565388680924286,0.9564625352007113,0.5726018413085822,0.46883067863567784,0.2767001155639342,0.9207789775067476,1.4748188728896314,0.5956526057050133,1.641916195648012,0.834053134169782,0.8339269370161395,0.6292157903441689
0.7,1.5,2.0,0.15,0.55,-1.5,1.8158369739409357,1.8158346730183355,0.5055671750896457,1.628157045133012,1.6281507188594886,0.5935894131350253,2.7117360326050606,2.6424647490372206,0.6383201034734781,1.7832062404205824,1.7832047571267937,0.5290191237476785
1.1,1.5,2.0,0.15,0.55,-1.5,2.0387837356948095,2.0387802835459032,0.4732101393496188,1.81346350860049,1.8134396005970097,0.5347553349333504,2.75404957341058,2.7538115512829617,0.608224620246238,1.9898431962240735,1.9898427188422325,0.5148474054230973
1.1,1.5,2.0,0.15,0.55,0.833333333333333,1.8896486961962937,1.889648499192571,0.5161535154752555,1.8662591282640975,1.8657374702780691,0.428648683902525,2.831221233302721,2.830665105175643,0.6127557738734389,1.9035858966855683,1.9032783789126246,0.4888878569649747
1.1,1.5,2.0,0.15,0.8166666666666667,0.833333333333333,2.10032623324041,2.0999451408811547,0.48650561763109196,2.045037018807425,2.0447933290632174,0.6238083565411929,2.9430815113049063,2.942992726896102,0.631951776525877,2.110153860211555,2.1088935467330776,0.5173764151691898
1.1,-0.16666666666666652,2.0,0.15,0.8166666666666667,0.833333333333333,2.038402174492077,2.0384021307416074,0.5829980415461149,1.779361468193308,1.7793613177626895,0.5520538020940883,2.994666482219066,2.9946156301791325,0.5423750578176819,2.023947532823228,2.023745953301854,0.5560063411601467
1.1,-0.16666666666666652,0.6666666666666667,0.15,0.8166666666666667,0.833333333333333,2.0606586525021933,2.0606486349921815,0.552174294823156,1.9663388967991897,1.9660364396504617,0.5416046232146743,2.821440893944537,2.8212119893678533,0.4226234662218389,2.0566869309821474,2.056669692006313,0.5141819262233277
0.7,0.6666666666666665,0.0,0.15,0.55,0.833333333333333,1.648681956139027,1.6486609118630609,0.47177137438815026,1.530326595644587,1.5302545650819366,0.44844473603943447,2.4616098488801446,2.2824093078680727,0.8050104902534815,1.643969440613444,1.6437580118710953,0.4323352317594911
0.7,0.6666666666666665,0.0,0.15,0.8166666666666667,0.833333333333333,1.811204641347566,1.8110881736847957,0.5125292133802044,1.6695820906601644,1.6690210710398867,0.4112001345846547,2.6716777496247968,2.6716776311563386,0.4048017380889408,1.7781159320463176,1.7781120868322073,0.5192996503400523
0.7,-1.0,0.0,0.15,0.8166666666666667,0.833333333333333,1.7739101371564998,1.773688805721315,0.5766784953757325,1.6707614862488973,1.6707123384756115,0.5301042581879528,2.733688597852078,2.7019982350204335,0.570100238427712,1.7995300462649946,1.7995298119148444,0.5799956329665276
0.7,-1.0,1.3333333333333333,0.15,0.8166666666666667,0.833333333333333,1.787451337760287,1.7874502585245975,0.569216707529498,1.6160720760258207,1.6157769507379667,0.5270828966534763,2.727722536030345,2.7274847074944613,0.5995127353964801,1.7391560135775943,1.7391559606418798,0.5325662020073054
0.7,-1.0,1.3333333333333333,0.85,0.8166666666666667,0.833333333333333,0.8118736883780332,0.8117231532159659,0.5721168708199917,0.949646349193283,0.9496043480472657,0.5228899756502673,2.4035521422956996,1.7115939943499137,1.188431639006897,0.8941278110136427,0.8941156300863924,0.49495509493005796
1.1,-1.0,1.3333333333333333,0.85,0.8166666666666667,0.833333333333333,1.0072821271418988,1.0071469040916559,0.5734080586621407,1.1462152443693732,1.1461826214412807,0.5134073273972379,2.5698122307250113,1.9078886394938819,1.1884316390068967,1.0900162120207515,1.0900045306508235,0.49244706233123875
1.1,-1.0,1.3333333333333333,0.85,0.8166666666666667,-1.5,1.3886300876451885,1.3883050370391303,0.6127471464774599,1.0189652293641565,1.018685041791625,0.6979061641656323,2.065826850930265,1.3077125632310644,1.7576496979999872,1.2970151680787054,1.2967948989575653,0.5967863838702534
0.7,-1.0,0.0,0.5,0.8166666666666667,0.833333333333333,1.35508774314287,1.3549788528427582,0.5199630288901183,1.2500135779171444,1.2499691983212617,0.612272392837181,2.4988334543378765,2.4590061486732746,0.503973594852766,1.3543283029289666,1.3542681066586117,0.5044253250586516
1.1,-1.0,0.0,0.5,0.8166666666666667,0.833333333333333,1.4923328816992352,1.492327996347433,0.5188483890859915,1.3984397941243192,1.3982952553138337,0.47111162509069865,2.6646331680790256,2.3611085096185414,0.8948746367940106,1.486002249843021,1.485837295739056,0.5450729962666371
1.1,-1.0,0.0,0.5,0.55,0.833333333333333,0.7870225344107136,0.786266444359959,0.49037931525060685,0.780383984031138,0.761343514916437,0.4797582645070249,1.7219276342893193,1.5339211686935579,1.1647275211153627,0.8459389520729873,0.8457114977896443,0.5442144786054429
1.1,-1.0,0.0,0.5,0.55,-1.5,1.2257610509964092,1.2257608406995204,0.6720686880439705,0.8008952507315047,0.7993370403936129,0.548140153958922,1.8985188993496507,1.386557897253002,1.3335680886881935,1.1310934237049275,1.1309964460707547,0.6999375276120932
1.1,0.6666666666666665,0.0,0.5,0.55,-1.5,1.4314788954633617,1.4314617665414304,0.42699328798383146,0.9853588961103967,0.9845001239260831,0.5033180716893325,2.35459804815093,1.3238607721560616,2.0466862610503935,1.3759505408725352,1.3759143003489362,0.5140246551841876
1.1,0.6666666666666665,0.0,1.2,0.55,-1.5,0.5666108506769719,0.342766639629292,0.738511703637547,0.5775334918162626,-0.4107529506521552,0.8993184797465356,3.492277723334726,-2.5561669308073816,3.3083437911793885,0.5693591806651056,0.26152807636175324,0.692400966778001
1.1,0.6666666666666665,1.3333333333333333,1.2,0.55,-1.5,0.5237711323599373,0.28746283545024764,0.9001761639749579,0.5613384579414022,-0.4028149279827766,1.0073660872722596,3.2830423124191537,-2.4866043629342727,3.4235776802299878,0.49798069323028765,0.22641337946084433,0.8753609430073414
0.7,-1.0,0.0,0.15,0.95,2.0,1.9378831623036594,1.9378077488362888,0.553863610029543,1.7517938177407546,1.7517893457263198,0.6588338534859391,2.81365190722106,2.8136409760435193,0.5082461293182565,1.9374943013380153,1.9374677012079735,0.5710401832045854
0.7,-1.0,0.0,0.15,0.6833333333333333,2.0,1.5663394646522364,1.5662565663512595,0.46233224732767136,1.6109296317364532,1.61092948282461,0.6147488650479003,2.465520731645161,2.4647022037566275,0.7877038753785475,1.6241045043027766,1.6238338149221803,0.47739837525948414
0.7,-1.0,0.0,0.85,0.6833333333333333,2.0,0.4473163914440051,-0.21084706658341956,0.7302958898748054,0.47572190866452074,0.21664268206463355,0.6482151195541467,1.459251185409673,1.0342663380034873,1.1389917947636525,0.4704843889174359,0.0762476034320928,0.654893877259964
0.7,-1.0,1.3333333333333333,0.85,0.6833333333333333,2.0,0.5468931062325101,-0.179689914136093,0.8682510283311524,0.35758038921598706,0.3079133653205912,0.48935247663412057,1.5553983268228744,1.4413979564011135,1.2589162534092748,0.4386381994288188,0.11772221272086936,0.5406508269588143
0.7,0.6666666666666665,1.3333333333333333,0.85,0.6833333333333333,2.0,0.4464545055956355,0.1362306939602183,0.7106150118930895,0.524864796749721,0.4985805216250293,0.5515298378774204,2.04438789644515,1.841047936015462,0.6501798181863058,0.44572792817861173,0.34789708169373257,0.5972029377727274
1.1,0.6666666666666665,1.3333333333333333,0.85,0.6833333333333333,2.0,0.38989036299233304,0.3822936110250341,0.5866456064290024,0.7359194428942016,0.7356651552536481,0.45636414378413237,2.2605944893811727,1.6926583642442972,1.3763037138176122,0.588429234213194,0.5379455054895805,0.5043861630149903
1.1,0.6666666666666665,1.3333333333333333,0.85,0.6833333333333333,-0.33333333333333326,0.9768291036461554,0.976788420508771,0.5036866935795772,0.8772080861134717,0.8030280832663914,0.6421886554437573,1.5074533165626103,0.8293919799170378,1.1658300708456188,0.9302622695756955,0.9301151540274031,0.5450477200631986
1.1,-1.0,0.6666666666666667,1.2,0.6833333333333333,2.0,1.1897939308457877,-1.188589236968134,1.120743621156017,0.5324356316716259,-0.2507244970910694,0.8579895931273666,1.409328515059486,0.6721914820615642,1.2050323066039397,0.5966157819943848,-0.5082293858491014,0.7284704501999714
1.1,-1.0,0.6666666666666667,1.2,0.95,2.0,0.8832787429441806,0.8272390909648224,0.6387470950944218,1.3550479421361243,1.3550157662390443,0.5743163971203906,2.780012227535694,2.427994894729369,0.9322737382936789,1.127723695533982,1.1276188643265128,0.5740789828139518
0.7,-1.0,0.6666666666666667,1.2,0.95,2.0,0.7302485517297564,0.6309444458208542,0.6387470950944218,1.1587587476273011,1.158721121095076,0.5743163971203907,2.583787513922368,2.2317002495854013,0.9322737382936782,0.9314511428517244,0.9313242191825448,0.5740789828139519
0.7,-1.0,2.0,1.2,0.95,2.0,0.6889324831127825,0.522226635580974,0.8163183748069981,1.0017698781464819,0.9005492854084631,0.658214135601812,2.5498564284160823,2.152625569276152,0.8320865141857912,0.9155337131018253,0.9135735369425897,0.68777184875295
0.7,-1.0,2.0,0.5,0.95,2.0,1.6782575301546823,1.677511431706701,0.5483729235453062,1.5600867099406632,1.5600865836145594,0.6543122002618336,2.5714910213088946,2.444268032395706,0.7746451891766847,1.6661487703965552,1.6645141740572966,0.5688505170146313
0.7,0.6666666666666665,2.0,0.5,0.95,2.0,1.7497411803186467,1.7497139888211288,0.5235050303521029,1.6739581658919902,1.673867003012628,0.5524350780045247,2.5826672982934205,2.582658561396617,0.48131969735451463,1.7277935086690863,1.7277901240928921,0.5518396096563549
0.7,0.6666666666666665,2.0,0.5,0.95,-0.33333333333333326,1.8525095968080099,1.8524173516778468,0.6388841702640673,1.706428562233921,1.70642779191617,0.6481186118910602,2.5996890614989296,2.5989643252820174,0.48887174428044416,1.8432283940709864,1.8432040459994767,0.6419438188551021
1.1,-0.16666666666666652,0.0,0.15,0.55,2.0,1.7646953571615756,1.764680542714005,0.4384633605108763,1.7581775074167776,1.758140471667451,0.3955436094975238,2.9442601825736188,2.9176075074884587,0.5897932857684005,1.7833849608817292,1.7833847662959346,0.43060773272078307
1.1,-0.16666666666666652,0.0,0.85,0.55,2.0,0.7865680484183597,-0.7862872579835145,0.8312632118647776,0.464950476438771,0.07207315654570097,0.6045329846185279,2.0135715809133794,1.0199662876551499,1.965606230660753,0.3734189032779415,-0.24935453483792142,0.7871276864342446
0.7,-0.16666666666666652,0.0,0.85,0.55,2.0,0.6834958290821977,-0.6827116044427028,0.8804634972900554,0.5034657582795214,-0.22494896395917435,0.6938469770035237,1.283651653663726,0.8483492340096962,1.1403181010083696,0.4417564004247719,-0.36559966696936863,0.6133397256111953
0.7,1.5,0.0,0.85,0.55,2.0,0.45381398663287387,-0.1335898339806808,0.593015292237358,0.2965251500183894,0.08580688163187156,0.3333240455971874,1.7180735579682482,1.3360360510685898,1.0999175151088905,0.2262649276049479,-0.015215932546213229,0.3364111449836728
0.7,1.5,1.3333333333333333,0.85,0.55,2.0,0.6720124153885026,-0.3390652537971873,0.7584560261369284,0.44470907418106814,0.16003924532284153,0.665701425139048,2.2527119031259955,0.9021241330256,2.4008138134178836,0.41374956608062075,0.055093965042721404,0.6780726040966268
0.7,1.5,1.3333333333333333,0.85,0.8166666666666667,2.0,0.7879476986802436,0.7879006145257527,0.52277933476097,0.9878865997897505,0.9878596438536462,0.4902145619896179,2.186844819582254,2.1086834317430725,1.0937118314004943,0.9157500739530707,0.915415386031458,0.5116021562897639
0.7,1.5,1.3333333333333333,0.85,0.8166666666666667,-0.33333333333333326,1.2594937384794835,1.259466722769335,0.4801245800547711,1.1191946989836745,1.1191595381684618,0.41785499616753796,2.14813584526431,1.8944787585943996,0.8585968370124483,1.2121097516362842,1.212106135744556,0.4802623066411852
0.7,1.5,0.0,0.15,0.8166666666666667,-1.5,1.9134841257142332,1.9132862692197241,0.4559169583793646,1.743755613176747,1.7437324379445724,0.49726121605377804,2.6893246645068314,2.5953667113728733,0.6136493282783486,1.8527435702821138,1.8523430280881414,0.4552406680982954
0.7,1.5,0.0,0.15,0.55,-1.5,1.7625390017934763,1.7625388315281758,0.3896762150993663,1.571844786001198,1.5715967869836858,0.49625875953606086,2.4493740649111344,2.4186528286675486,0.7854306870815579,1.708622335336263,1.7086190270682924,0.3885168853789157
1.1,1.5,0.0,0.15,0.55,-1.5,1.9676151998942457,1.967587613720015,0.3879746991465762,1.7424097112034316,1.7423807909430007,0.5358812101585593,2.6200744571056913,2.606130583165588,0.675119678748153,1.8868107169784523,1.886796404082594,0.4223836422009461
1.1,1.5,0.0,0.15,0.55,0.833333333333333,1.8441211156283726,1.844102274018432,0.36435458518423924,1.7079508082343933,1.7079481200225994,0.42578586741159496,2.8373225874291452,2.8195607873539603,0.7902469823017224,1.8258385775610593,1.8258368505163167,0.362166666612347
1.1,1.5,1.3333333333333333,0.15,0.55,0.833333333333333,1.8847440962734014,1.884596369544488,0.4046216530616873,1.865380937951828,1.8653391028951196,0.4950989667978859,2.5128836208300633,2.512831162874944,1.1271093515724422,1.8900465096911783,1.8900200043062196,0.4615090276956559
1.1,1.5,1.3333333333333333,0.85,0.55,0.833333333333333,0.6257513304803612,0.5436953340740079,0.7901991984185542,0.6882001936035205,0.43329131752144456,0.7775670157375492,1.659700180261603,1.2855592226557815,1.2263846325154162,0.5726389110447264,0.5294013055186592,0.717016013106079
1.1,-0.16666666666666652,1.3333333333333333,0.85,0.55,0.833333333333333,0.46807994980155526,0.04616643929600463,0.6938793548552714,0.609730927068476,0.060927173661283224,0.8807978782264683,1.142154699356187,0.8817740103734986,1.1737425930299625,0.4705247095768268,0.11187977983751962,0.7033380204476664
0.7,0.6666666666666665,0.0,0.5,0.6833333333333333,-0.33333333333333326,1.2587013261485556,1.2586950992340804,0.4298956222891492,1.1068119120747897,1.1066630358052634,0.6281389813678734,2.078356485654187,1.9516336889459895,0.7517911965430475,1.241980518634557,1.2418089203998184,0.4208871387667315
1.1,0.6666666666666665,0.0,0.5,0.6833333333333333,-0.33333333333333326,1.5117633095926926,1.5117497826213002,0.4767623100305637,1.2974242487234113,1.2974228240489585,0.7707101223112922,2.2718498148829966,2.271777100816884,0.4868673139750046,1.464165008673356,1.4641350143894059,0.5192057340788483
1.1,0.6666666666666665,0.0,0.5,0.6833333333333333,2.0,1.1371314006985784,1.1368401756818503,0.5340706251377477,1.325440384955336,1.3253868419476402,0.6051209438249736,2.3927053087149703,2.2987216066626726,0.7873215715713625,1.234939976471529,1.2349053303835515,0.5834912674129618
1.1,0.6666666666666665,0.0,0.5,0.95,2.0,1.8703402000116895,1.8703401643573971,0.5050157660246664,1.9236785279708173,1.923640766675133,0.42890694277477037,2.884736633500252,2.884736605593318,0.746633160281321,1.8994286746876972,1.8994261327252402,0.4510543305809099
1.1,0.6666666666666665,0.0,1.2,0.95,2.0,1.2109889194873316,1.2033916142519736,0.6360967971881694,1.3931414148772274,1.3924894838581192,0.4382062719765082,2.821325968226989,2.753652236487211,0.6737777208636747,1.371966136088021,1.3719309920388163,0.41317905562348023
1.1,0.6666666666666665,1.3333333333333333,1.2,0.95,2.0,1.1771886459826277,1.17654307893384,0.610896234644593,1.5537742702154043,1.5447938383313708,0.6102414258235763,2.9817908768005723,2.55485751726572,0.866453874959936,1.430184179716521,1.4301839265145548,0.6647907261804139
1.1,-1.0,1.3333333333333333,1.2,0.95,2.0,0.8319598794351918,0.8315763105820623,0.6679743774866659,1.2999661770476028,1.2883102376344264,0.7248864575743207,2.4383822375518442,2.2414619500983006,1.028512391244298,1.0921171624206765,1.0920177308600594,0.6643361759388254
0.9,-1.0,1.3333333333333333,0.15,0.6833333333333333,2.0,1.6931012267841568,1.6930616791154591,0.5143107870810038,1.6955426527319606,1.6955330499896806,0.6449811093683057,2.5830834422191074,2.5830768332929552,0.6343133809918873,1.7224306819475184,1.7223845342350774,0.531310569640301
0.9,-1.0,1.3333333333333333,0.15,0.95,2.0,2.0188064584841254,2.018590082225314,0.5903409225227492,1.9006848143776862,1.900351335981989,0.5777237147022016,2.8693502126842487,2.8693143322628325,0.5427570361802917,2.0172269907744935,2.0164470456115717,0.5808682926801146
0.9,-1.0,1.3333333333333333,0.85,0.95,2.0,1.2842583445381495,1.2836641858375266,0.6331993088681167,1.4381696647701956,1.4380190399953614,0.736292397391135,2.89635844748331,2.736253845592922,0.6069345435241412,1.4330625577879232,1.4323290156885595,0.5729058463237069
0.9,-1.0,0.0,0.85,0.95,2.0,1.3322659095435374,1.3316511171583962,0.5856112150881382,1.4697655272039514,1.469586956991599,0.5911138306637186,2.6910228430104532,2.617489365244606,0.5925536814901462,1.3660539127864386,1.366015691594073,0.6088338032332168
1.3,-1.0,0.0,0.85,0.95,2.0,1.4413942204403094,1.441391874575997,0.5183507383264441,1.6287290841524449,1.6279762307306767,0.550195667262257,2.743600437445283,2.7198801102419377,0.47221209786092194,1.6250607030741877,1.625011174502276,0.49799846831928146
1.3,-1.0,0.0,0.85,0.95,-0.33333333333333326,1.813691931275625,1.8133330943412038,0.5975023633634691,1.6702979204999602,1.6702845831388549,0.7146502720857667,2.7827543557456558,2.5477568148500915,0.972490943646999,1.7804988820791836,1.78049885382146,0.6882264692627901
1.3,0.6666666666666665,0.0,0.85,0.95,-0.33333333333333326,1.900025986335861,1.9000229210300068,0.5136744738528808,1.7669714612550753,1.7669422816752491,0.6265459871750271,2.800102666879102,2.583606546471089,0.7795346255664678,1.8784106823940618,1.8784104441241154,0.590598555561308
1.1,-1.0,1.3333333333333333,0.5,0.6833333333333333,2.0,0.8863626248093435,0.8858970090036886,0.4990629700547726,1.206920485044242,1.2066852407398079,0.6131019781131124,2.303531841420727,2.2472979581006287,0.5419143833492382,1.0665504931318603,1.066513757548128,0.5659912447731397
1.1,-1.0,1.3333333333333333,1.2,0.6833333333333333,2.0,0.9515964208534716,-0.9510762078266128,0.8299617678920497,0.7516537916411921,-0.43724247942585365,1.05414301310918,1.1111868297042615,0.5712004224156753,1.4000669009929547,0.7819745080958133,-0.6441539979319275,0.7903058596686353
1.1,-1.0,1.3333333333333333,1.2,0.6833333333333333,-0.33333333333333326,0.430658822095267,0.1788577591188123,0.6785193907733162,0.5200323644858624,-0.22776633745202357,0.7166831008208828,1.6754956833040147,0.41117802253767366,1.87376607108595,0.3673016749612828,0.11956438873257014,0.6116412110256382
1.1,0.6666666666666665,1.3333333333333333,1.2,0.6833333333333333,-0.33333333333333326,0.5065051353935067,0.4215397882462161,0.5648825962067335,0.49869517414232056,0.20660804860176352,0.8229975286776341,1.5118805270711528,0.7675954798573428,1.2437096534044276,0.4917027220260967,0.40619519461764036,0.63539356499387
1.1,0.6666666666666665,0.0,1.2,0.6833333333333333,-0.33333333333333326,0.49589885132635136,0.360951616858104,0.618979418637819,0.5837513590039874,0.19571732714677356,0.8641178964943915,1.749883394119077,1.010058563756057,1.3233625413410341,0.5456058803040021,0.3989523970851594,0.6074657810870457
0.7,0.6666666666666665,0.0,1.2,0.6833333333333333,-0.33333333333333326,0.37692511301154075,0.17090967497832282,0.6866600931178163,0.5336538030930762,-0.0046805352649083865,0.790712514485278,1.5378222200320586,0.16416896711067164,2.0354725843825547,0.45517234421324854,0.10267633244931429,0.6931400106733182
0.7,0.6666666666666665,0.0,1.2,0.95,-0.33333333333333326,1.4583962777817185,1.4583923905253875,0.4169671008847588,1.126888512165847,1.1267515940858908,0.5635969071129691,2.7191851134960934,2.1722117076675715,1.0404385543073866,1.4247780434546855,1.4247465794282006,0.4183962649244647
0.9,1.5,2.0,1.2,0.95,2.0,1.2925487361539179,1.2924994966332748,0.5900549415029819,1.4421817258291976,1.4415430097936248,0.5680886173994137,2.577714875511011,2.296812575445984,0.9233770137270259,1.3783404527622072,1.37830744888719,0.5365468289590148
0.9,1.5,2.0,0.5,0.95,2.0,1.9190464387142987,1.9168534462061404,0.5015961339707103,1.8038710194568226,1.803567028401504,0.5732423189579381,2.802092615483502,2.8020900703101628,0.6576003184008496,1.898944188878575,1.8972228530975088,0.5280440957422587
0.9,1.5,2.0,0.5,0.6833333333333333,2.0,1.0531535131988141,1.0530531075424099,0.4536788414611914,1.2752717051755367,1.2752284680131092,0.5246583955875141,2.4110519984747207,2.1075129560337613,1.1689195461033524,1.1796908618995876,1.1792401004433435,0.3962499487650085
0.9,1.5,2.0,0.5,0.6833333333333333,-0.33333333333333326,1.4984590246338543,1.4984466419957387,0.46484130411420227,1.4248576250918397,1.4248497312738944,0.5127032002730174,2.1715964671779444,2.048140652391007,0.9198180052582334,1.4558691715269518,1.4558492852268854,0.4430535335316724
0.9,-0.16666666666666652,2.0,0.5,0.6833333333333333,-0.33333333333333326,1.2710126120426757,1.2705118231254875,0.5739857213486418,1.1343612681272723,1.134299130321337,0.49898221860242925,2.059101128380738,1.941482659436614,1.030725806103161,1.276543985829857,1.2758500817789837,0.5386603168159294
1.3,-0.16666666666666652,2.0,0.5,0.6833333333333333,-0.33333333333333326,1.4846424210253202,1.484418088517303,0.6003419962643479,1.4437839629926508,1.4432247595297745,0.5636937823775204,2.13972482714375,2.022525272179312,1.1349405658716598,1.486802805330959,1.4867503750730766,0.5972222460720268
1.3,-0.16666666666666652,0.6666666666666667,0.5,0.6833333333333333,-0.33333333333333326,1.4621000002192075,1.4620739825400624,0.6533546410378407,1.2766373216671043,1.2766207047396736,0.48327463651032526,2.3479985070685663,1.876180161522054,0.9887866055838184,1.438692884991698,1.438689528814653,0.6035483814716972
1.1,1.5,0.0,1.2,0.6833333333333333,-1.5,0.7972635147176502,0.7972077296309836,0.43837818226920283,0.6449871563253108,0.5301163030909766,0.7152278369353566,2.06144441078477,0.41935662554408937,2.43027509889204,0.7511000625663113,0.7510695941493928,0.39162146432565625
1.1,-0.16666666666666652,0.0,1.2,0.6833333333333333,-1.5,0.6674902541972851,0.6302842920605254,0.40813359322421383,0.6053857543206982,0.09093581112673882,0.8249256468280741,4.4464012386137775,-4.446394932069458,0.7469176040630071,0.6073479450158685,0.4901774411985144,0.44172378421836345
1.1,-0.16666666666666652,1.3333333333333333,1.2,0.6833333333333333,-1.5,0.6683629916648982,0.6683606938004089,0.6459520916633634,0.5144252269899596,0.10112420923361662,0.7143006741696266,4.606402400981172,-4.6063651503718255,0.30902227607322313,0.5690368906168236,0.5669734965271633,0.6163073278009313
1.1,-0.16666666666666652,1.3333333333333333,1.2,0.95,-1.5,1.8323343846389972,1.832276089052741,0.46934190839138046,1.4467584829263487,1.4463762283034263,0.46693789761665744,2.853724061749736,1.8414853260346473,1.4989805605576252,1.7528948784600165,1.7528784745076287,0.43162833982890575
1.1,-0.16666666666666652,1.3333333333333333,1.2,0.95,0.833333333333333,1.3959503953830068,1.395934280198338,0.5740235731184234,1.29076026085985,1.2857973800000013,0.7518051301750898,2.6688392831521996,2.2853027007990967,1.1598854831273724,1.3507966137480916,1.3503393978566227,0.5578815296649506
0.7,-0.16666666666666652,1.3333333333333333,1.2,0.95,0.833333333333333,1.1825628364846348,1.1823005923533398,0.5745045360479337,1.1827075419565989,1.1234983938015854,0.6139566643431412,2.7058101447370917,1.9853277421323154,1.4322087217590815,1.1953575962095335,1.1953460328206682,0.577796329998709
0.7,-0.16666666666666652,1.3333333333333333,0.5,0.95,0.833333333333333,1.7810401223898114,1.7810397653293593,0.44278833902018266,1.7703265119456746,1.7702588206774523,0.6583953841037508,2.8833658524867203,2.7982306307843863,0.5017087437314054,1.7977752221119323,1.797758640210297,0.4718999587830385
0.9,-1.0,0.6666666666666667,0.85,0.8166666666666667,-0.33333333333333326,1.0877680931058926,1.087722069886409,0.5469127651398886,1.054183870027824,0.9931350225873519,0.6814015484079969,2.1978379444991596,1.5748359380478676,1.0699476698949686,1.073662304301794,1.0735585776264567,0.5616625208513141
0.9,-1.0,0.6666666666666667,0.85,0.8166666666666667,2.0,0.5703027137039682,0.5703020846275424,0.6112071535145343,1.0266799418398778,1.0266640935293219,0.6910842138617053,2.246413531775533,2.206099909797649,0.4940821789814738,0.798450776191411,0.7949122455666755,0.4918588913731184
0.9,-1.0,0.6666666666666667,0.85,0.55,2.0,0.9566635509411393,-0.9255201619120466,0.8402413136348819,0.5001919837498979,-0.15496459579100247,0.5759501202671299,1.270527027009399,-0.0637293723663157,1.977916706574843,0.5080851123952366,-0.4620121515126653,0.691497011930476
0.9,-1.0,2.0,0.85,0.55,2.0,0.8694406301132918,-0.7907410885146906,0.8492645295943486,0.6563981214644086,-0.3226878609087873,0.662192464641971,1.57091124562592,0.9183171071426081,1.2149477152216726,0.6740943199356959,-0.4745948451746591,0.679156337725846
1.3,-1.0,2.0,0.85,0.55,2.0,0.7100062594599647,-0.5631557338473714,0.8260474570812528,0.607936781939064,-0.20804557903555101,0.9049808983793424,1.5203674634434545,0.9138575188609211,1.094276100192736,0.5297545377443105,-0.29127296644036127,0.8320256689125066
1.3,-1.0,2.0,0.15,0.55,2.0,1.7556121046507462,1.7556120555208028,0.46427826575575276,1.7373727556987433,1.7329087055448529,0.6164491296806395,2.840685605831983,2.8404796309997007,0.7453367067617234,1.8214107796318617,1.8213714638541083,0.5145389880743892
1.3,0.6666666666666665,2.0,0.15,0.55,2.0,1.8377137319993158,1.8376257469185249,0.4817035198426308,1.7769326196109556,1.7769198345411725,0.6025632372901949,2.888906113364069,2.827140169922426,0.7874835627717831,1.8385607529980916,1.8384188944463924,0.48411722414373937
0.7,1.5,2.0,0.15,0.8166666666666667,2.0,1.899504156365571,1.8993359404310477,0.4978423891489293,1.860852316561627,1.8608333325111692,0.6289369509434821,3.002863048549223,3.0028574746241423,0.4112277263041373,1.902042771186307,1.901839718044652,0.5151633010824596
0.7,1.5,2.0,0.85,0.8166666666666667,2.0,0.8949865389329147,0.8949809555575448,0.610831057523358,1.1806513144153492,1.180459470374045,0.6401996369989603,2.4502207319253837,1.875112284571207,1.2008051294893989,1.0408076940887148,1.0407708116554635,0.5488467537008465
1.1,1.5,2.0,0.85,0.8166666666666667,2.0,1.0912801797645137,1.091275600701513,0.6108310575233583,1.3769186103872326,1.3767541155180132,0.6365846486572634,2.6464685810166118,2.071406929715175,1.2008051294893984,1.2370964869753218,1.2370654567994317,0.54847785212304
1.1,-0.16666666666666652,2.0,0.85,0.8166666666666667,2.0,0.9127630135677636,0.9116503330287411,0.6316739735492072,1.1329513103333029,1.132930273101201,0.6071934650068762,2.206639989448423,2.006401833839454,1.1058445232244585,1.0094599565409736,1.0093795287202418,0.6715455643993067
1.1,-0.16666666666666652,2.0,0.85,0.8166666666666667,-0.33333333333333326,1.344405144442918,1.3443955349644805,0.556860691003353,1.0634925094665486,1.0631515846257034,0.7475076869307329,2.2909903648463454,1.920892333419872,0.8119390077998436,1.3086828309859397,1.3086784343640785,0.5819348396378332
1.1,-0.16666666666666652,0.6666666666666667,0.85,0.8166666666666667,-0.33333333333333326,1.286762728655576,1.2866991679139528,0.7158560540006392,1.2118976495313687,1.211876580582496,0.5734663335032091,2.1798670949943992,1.7645719483366977,1.0728890053831681,1.2726378060734553,1.272613817157025,0.6260822240740377
1.1,-0.16666666666666652,0.6666666666666667,0.85,0.55,-0.33333333333333326,0.5328822416384995,0.38798076585708374,0.7524360401837533,0.5192075780254541,0.3701188601847899,0.6765837168333323,0.924220368300679,0.4251100810241403,1.6381227482542253,0.5425434776259046,0.4584257535320425,0.5960794122984866
0.7,-0.16666666666666652,0.0,0.85,0.95,-1.5,1.667873272215111,1.6677231094166238,0.6230805505917145,1.470116493413824,1.4701160994617481,0.4333589929942351,2.9697067854799197,1.4581575698411688,2.667179633922118,1.6123108125040995,1.6120888362851398,0.5480459394192048
0.7,-0.16666666666666652,0.0,0.85,0.95,0.833333333333333,1.43018271294199,1.4299449082376192,0.584705778414184,1.5510925053535796,1.5503536891464924,0.48096744482529785,2.7617665850700135,2.4385438063107117,0.7921439194773383,1.5154111087588604,1.5150808671078437,0.5552068638991001
0.7,-0.16666666666666652,1.3333333333333333,0.85,0.95,0.833333333333333,1.5574122211094201,1.5560857294216106,0.5561272686462075,1.4419533868429977,1.4416924336236434,0.5993510833322656,2.782175608459391,2.4164723469914238,0.7031147656639809,1.542231373317691,1.5414416606657872,0.5056439871594212
1.1,-0.16666666666666652,1.3333333333333333,0.85,0.95,0.833333333333333,1.6871575953638809,1.6870375740076975,0.5363287329115906,1.6690954133968727,1.6686620588906989,0.5604241492863362,2.7503028679158015,2.6014564147129726,0.9998404743183639,1.7251169579486425,1.7250951788180449,0.5231001404063985
1.1,-0.16666666666666652,1.3333333333333333,0.15,0.95,0.833333333333333,2.1193616375961786,2.1191222189273837,0.6454403751511755,1.9983478341361143,1.9982148583816122,0.5642716216686045,2.796116057482216,2.7960007702168994,0.5582922924624002,2.153566925331793,2.1533891626998853,0.6004746451274949
1.1,-0.16666666666666652,1.3333333333333333,0.15,0.6833333333333333,0.833333333333333,1.8796867427417734,1.8796864381840375,0.5943882101303924,1.7708094424393581,1.7708038934386785,0.6410396319975762,2.745637741273645,2.631991986465074,0.7672254875089277,1.8907703911003844,1.890639280811965,0.5806432396747006
1.1,1.5,1.3333333333333333,0.15,0.6833333333333333,0.833333333333333,1.984696368878343,1.9846958278298086,0.35905456376674055,1.8384527457548359,1.8384517416629698,0.48992207477972455,2.8255701690118107,2.823817589565973,0.7475340050953555,1.9699511188882255,1.9699499086961645,0.3816400040832063
0.9,-1.0,0.6666666666666667,0.5,0.8166666666666667,-1.5,1.7109333180685773,1.7109116069525743,0.4533832447663513,1.3409462676000532,1.340603847195104,0.6718090780983177,2.3862872888016837,2.131626104275373,0.7940815939276232,1.6320600180863696,1.6319597169323359,0.4674871077426365
1.3,-1.0,0.6666666666666667,0.5,0.8166666666666667,-1.5,1.8278681726870085,1.8276655397480281,0.4808623701632091,1.521904468475647,1.5218249798827879,0.5808272319131975,2.126579080273333,1.861862628726834,1.140109515916691,1.7540193575264342,1.753801380930348,0.4956931653010872
1.3,-1.0,0.6666666666666667,1.2,0.8166666666666667,-1.5,1.1810334176777395,1.1810309708279032,0.6499080683732591,0.6988337377185236,0.5215334334748755,0.8531851790006745,4.449672034172912,-4.44967003901462,0.5413384481714156,1.0575218332857776,1.0569880322043845,0.6593988895312393
1.3,-1.0,0.6666666666666667,1.2,0.8166666666666667,0.833333333333333,0.5588279991574047,0.5153786122312591,0.7654194951312923,0.46485749661338566,0.45258117095285394,0.7698981586611825,2.2320128207370673,1.6021000547093933,1.14810973070928,0.6208491370972713,0.6208480499746369,0.7101753096688423
1.3,0.6666666666666665,0.6666666666666667,1.2,0.8166666666666667,0.833333333333333,0.8686512572306567,0.8685429435264903,0.5070655600208839,0.990545578733951,0.9902730844356309,0.446522510982726,2.4403877135348937,1.977241430404201,1.1742213173383946,0.8802038322071718,0.880180860663909,0.41387526720670176
1.3,0.6666666666666665,2.0,1.2,0.8166666666666667,0.833333333333333,0.8204550682503697,0.820439565260397,0.659399595439858,0.9299674674834332,0.9275523941167393,0.6583228138316383,2.3164313325745427,2.018104803413764,0.6762584584276568,0.8192586525989007,0.8183623196307865,0.7301661854747368
1.3,0.6666666666666665,2.0,1.2,0.55,0.833333333333333,0.7150372613687516,-0.5175990504510789,0.7978835411844113,0.768426556768315,-0.4417481959157328,0.8257267764743971,1.042758411984536,-0.6377339344961367,2.0416697979673,0.700889540643473,-0.3984641519899591,0.9363994483444353
1.3,1.5,0.6666666666666667,0.5,0.55,0.833333333333333,1.2615956840661153,1.2615756336756738,0.47669620746190766,1.1676142621257724,1.1676133037817222,0.5407077622468208,2.1796006317292305,2.0588717860869696,0.8312178360530939,1.2490740218025194,1.2490609522189378,0.4778517074504434
1.3,1.5,0.6666666666666667,1.2,0.55,0.833333333333333,0.5415993902203033,-0.2526546223569348,0.635833820770124,0.5069293888656314,-0.22448644115674488,0.7601172111856107,1.8925989574672237,0.1545596575182553,2.5741947209565406,0.5412591060927341,-0.14108080398013256,0.5964215165213156
1.3,1.5,2.0,1.2,0.55,0.833333333333333,0.7067891051875702,-0.40833187310439845,0.9382013445307965,0.6776744841110737,-0.1748769490262897,0.9619316461225877,0.989337688689754,0.5571815707304675,1.6354550883242776,0.6400850520881689,-0.1780877922193112,0.7702908647861771
0.9,1.5,2.0,1.2,0.55,0.833333333333333,0.6150747658854773,-0.28065406641066193,0.7545068392120855,0.705069783355672,-0.4409389102652225,0.8807446796011359,1.0791347807904776,-0.4348072975568147,1.7523288482851054,0.6105727387139666,-0.3903366276621267,0.6909620153296838
0.9,-0.16666666666666652,2.0,1.2,0.55,0.833333333333333,1.0671860723914657,-0.9920049681198451,1.0448679589041119,0.8569557662715165,-0.6920835716036673,1.1343614588646527,4.494211091378907,-4.493874916105994,0.5098203846994238,0.9116539062091672,-0.7318316993678815,0.8171278563456806
0.9,-0.16666666666666652,2.0,1.2,0.55,-1.5,0.46562388880123046,0.13819658685315794,0.6188747577713939,0.8503245598466515,-0.7128242827098978,0.9888388379792378,4.644565251857726,-4.644534903194515,0.7512083804125289,0.4161557821237751,0.05172181253967251,0.6302629734701067
0.9,-0.16666666666666652,2.0,1.2,0.8166666666666667,-1.5,1.0616678657810528,1.0613522328658984,0.5743244196133208,0.8353574724395494,0.8350724277538859,0.6430955144941796,4.334473801962656,-4.333184284159172,1.7972029704060197,1.0238717879599752,1.0233258094822977,0.6099073534595842
