center_id,name,lat,lon,date,temperature_thetao_degC,salinity_so_psu,n_valid_temperature_cells,n_valid_salinity_cells,depth_request_m,depth_window_m,depth_levels_m,buffer_m,latitude_cells,longitude_cells,product_id,temperature_dataset,salinity_dataset,source
bajos_lami,Bajos Lami,-41.8332,-73.2666,2026-05-01,12.20271,32.21118,8,8,0.5,0.0,0.494,6000.0,-41.91666|-41.83333|-41.75000,-73.41666|-73.33333|-73.25000|-73.16666,GLOBAL_ANALYSISFORECAST_PHY_001_024,cmems_mod_glo_phy-thetao_anfc_0.083deg_P1D-m,cmems_mod_glo_phy-so_anfc_0.083deg_P1D-m,copernicus_marine_analysis_forecast_daily
bajos_lami,Bajos Lami,-41.8332,-73.2666,2026-05-02,11.95832,31.74594,8,8,0.5,0.0,0.494,6000.0,-41.91666|-41.83333|-41.75000,-73.41666|-73.33333|-73.25000|-73.16666,GLOBAL_ANALYSISFORECAST_PHY_001_024,cmems_mod_glo_phy-thetao_anfc_0.083deg_P1D-m,cmems_mod_glo_phy-so_anfc_0.083deg_P1D-m,copernicus_marine_analysis_forecast_daily
bajos_lami,Bajos Lami,-41.8332,-73.2666,2026-05-03,11.874,31.62539,8,8,0.5,0.0,0.494,6000.0,-41.91666|-41.83333|-41.75000,-73.41666|-73.33333|-73.25000|-73.16666,GLOBAL_ANALYSISFORECAST_PHY_001_024,cmems_mod_glo_phy-thetao_anfc_0.083deg_P1D-m,cmems_mod_glo_phy-so_anfc_0.083deg_P1D-m,copernicus_marine_analysis_forecast_daily
bajos_lami,Bajos Lami,-41.8332,-73.2666,2026-05-04,11.93419,32.09566,8,8,0.5,0.0,0.494,6000.0,-41.91666|-41.83333|-41.75000,-73.41666|-73.33333|-73.25000|-73.16666,GLOBAL_ANALYSISFORECAST_PHY_001_024,cmems_mod_glo_phy-thetao_anfc_0.083deg_P1D-m,cmems_mod_glo_phy-so_anfc_0.083deg_P1D-m,copernicus_marine_analysis_forecast_daily
bajos_lami,Bajos Lami,-41.8332,-73.2666,2026-05-05,11.8452,31.81961,8,8,0.5,0.0,0.494,6000.0,-41.91666|-41.83333|-41.75000,-73.41666|-73.33333|-73.25000|-73.16666,GLOBAL_ANALYSISFORECAST_PHY_001_024,cmems_mod_glo_phy-thetao_anfc_0.083deg_P1D-m,cmems_mod_glo_phy-so_anfc_0.083deg_P1D-m,copernicus_marine_analysis_forecast_daily
bajos_lami,Bajos Lami,-41.8332,-73.2666,2026-05-06,11.73959,31.19405,8,8,0.5,0.0,0.494,6000.0,-41.91666|-41.83333|-41.75000,-73.41666|-73.33333|-73.25000|-73.16666,GLOBAL_ANALYSISFORECAST_PHY_001_024,cmems_mod_glo_phy-thetao_anfc_0.083deg_P1D-m,cmems_mod_glo_phy-so_anfc_0.083deg_P1D-m,copernicus_marine_analysis_forecast_daily
bajos_lami,Bajos Lami,-41.8332,-73.2666,2026-05-07,11.50635,30.97745,8,8,0.5,0.0,0.494,6000.0,-41.91666|-41.83333|-41.75000,-73.41666|-73.33333|-73.25000|-73.16666,GLOBAL_ANALYSISFORECAST_PHY_001_024,cmems_mod_glo_phy-thetao_anfc_0.083deg_P1D-m,cmems_mod_glo_phy-so_anfc_0.083deg_P1D-m,copernicus_marine_analysis_forecast_daily
bajos_lami,Bajos Lami,-41.8332,-73.2666,2026-05-08,11.29419,30.84151,8,8,0.5,0.0,0.494,6000.0,-41.91666|-41.83333|-41.75000,-73.41666|-73.33333|-73.25000|-73.16666,GLOBAL_ANALYSISFORECAST_PHY_001_024,cmems_mod_glo_phy-thetao_anfc_0.083deg_P1D-m,cmems_mod_glo_phy-so_anfc_0.083deg_P1D-m,copernicus_marine_analysis_forecast_daily
bajos_lami,Bajos Lami,-41.8332,-73.2666,2026-05-09,11.33056,31.02012,8,8,0.5,0.0,0.494,6000.0,-41.91666|-41.83333|-41.75000,-73.41666|-73.33333|-73.25000|-73.16666,GLOBAL_ANALYSISFORECAST_PHY_001_024,cmems_mod_glo_phy-thetao_anfc_0.083deg_P1D-m,cmems_mod_glo_phy-so_anfc_0.083deg_P1D-m,copernicus_marine_analysis_forecast_daily
bajos_lami,Bajos Lami,-41.8332,-73.2666,2026-05-10,11.286,31.08562,8,8,0.5,0.0,0.494,6000.0,-41.91666|-41.83333|-41.75000,-73.41666|-73.33333|-73.25000|-73.16666,GLOBAL_ANALYSISFORECAST_PHY_001_024,cmems_mod_glo_phy-thetao_anfc_0.083deg_P1D-m,cmems_mod_glo_phy-so_anfc_0.083deg_P1D-m,copernicus_marine_analysis_forecast_daily
bajos_lami,Bajos Lami,-41.8332,-73.2666,2026-05-11,11.2066,31.01745,8,8,0.5,0.0,0.494,6000.0,-41.91666|-41.83333|-41.75000,-73.41666|-73.33333|-73.25000|-73.16666,GLOBAL_ANALYSISFORECAST_PHY_001_024,cmems_mod_glo_phy-thetao_anfc_0.083deg_P1D-m,cmems_mod_glo_phy-so_anfc_0.083deg_P1D-m,copernicus_marine_analysis_forecast_daily
bajos_lami,Bajos Lami,-41.8332,-73.2666,2026-05-12,11.21775,31.01742,8,8,0.5,0.0,0.494,6000.0,-41.91666|-41.83333|-41.75000,-73.41666|-73.33333|-73.25000|-73.16666,GLOBAL_ANALYSISFORECAST_PHY_001_024,cmems_mod_glo_phy-thetao_anfc_0.083deg_P1D-m,cmems_mod_glo_phy-so_anfc_0.083deg_P1D-m,copernicus_marine_analysis_forecast_daily
bajos_lami,Bajos Lami,-41.8332,-73.2666,2026-05-13,11.08885,31.16354,8,8,0.5,0.0,0.494,6000.0,-41.91666|-41.83333|-41.75000,-73.41666|-73.33333|-73.25000|-73.16666,GLOBAL_ANALYSISFORECAST_PHY_001_024,cmems_mod_glo_phy-thetao_anfc_0.083deg_P1D-m,cmems_mod_glo_phy-so_anfc_0.083deg_P1D-m,copernicus_marine_analysis_forecast_daily
bajos_lami,Bajos Lami,-41.8332,-73.2666,2026-05-14,10.82637,30.8299,8,8,0.5,0.0,0.494,6000.0,-41.91666|-41.83333|-41.75000,-73.41666|-73.33333|-73.25000|-73.16666,GLOBAL_ANALYSISFORECAST_PHY_001_024,cmems_mod_glo_phy-thetao_anfc_0.083deg_P1D-m,cmems_mod_glo_phy-so_anfc_0.083deg_P1D-m,copernicus_marine_analysis_forecast_daily
bajos_lami,Bajos Lami,-41.8332,-73.2666,2026-05-15,10.80443,30.89384,8,8,0.5,0.0,0.494,6000.0,-41.91666|-41.83333|-41.75000,-73.41666|-73.33333|-73.25000|-73.16666,GLOBAL_ANALYSISFORECAST_PHY_001_024,cmems_mod_glo_phy-thetao_anfc_0.083deg_P1D-m,cmems_mod_glo_phy-so_anfc_0.083deg_P1D-m,copernicus_marine_analysis_forecast_daily
bajos_lami,Bajos Lami,-41.8332,-73.2666,2026-05-16,10.81484,31.14543,8,8,0.5,0.0,0.494,6000.0,-41.91666|-41.83333|-41.75000,-73.41666|-73.33333|-73.25000|-73.16666,GLOBAL_ANALYSISFORECAST_PHY_001_024,cmems_mod_glo_phy-thetao_anfc_0.083deg_P1D-m,cmems_mod_glo_phy-so_anfc_0.083deg_P1D-m,copernicus_marine_analysis_forecast_daily
bajos_lami,Bajos Lami,-41.8332,-73.2666,2026-05-17,10.92145,31.45515,8,8,0.5,0.0,0.494,6000.0,-41.91666|-41.83333|-41.75000,-73.41666|-73.33333|-73.25000|-73.16666,GLOBAL_ANALYSISFORECAST_PHY_001_024,cmems_mod_glo_phy-thetao_anfc_0.083deg_P1D-m,cmems_mod_glo_phy-so_anfc_0.083deg_P1D-m,copernicus_marine_analysis_forecast_daily
bajos_lami,Bajos Lami,-41.8332,-73.2666,2026-05-18,10.98485,31.55424,8,8,0.5,0.0,0.494,6000.0,-41.91666|-41.83333|-41.75000,-73.41666|-73.33333|-73.25000|-73.16666,GLOBAL_ANALYSISFORECAST_PHY_001_024,cmems_mod_glo_phy-thetao_anfc_0.083deg_P1D-m,cmems_mod_glo_phy-so_anfc_0.083deg_P1D-m,copernicus_marine_analysis_forecast_daily
bajos_lami,Bajos Lami,-41.8332,-73.2666,2026-05-19,10.97555,31.57273,8,8,0.5,0.0,0.494,6000.0,-41.91666|-41.83333|-41.75000,-73.41666|-73.33333|-73.25000|-73.16666,GLOBAL_ANALYSISFORECAST_PHY_001_024,cmems_mod_glo_phy-thetao_anfc_0.083deg_P1D-m,cmems_mod_glo_phy-so_anfc_0.083deg_P1D-m,copernicus_marine_analysis_forecast_daily
bajos_lami,Bajos Lami,-41.8332,-73.2666,2026-05-20,10.92237,31.36797,8,8,0.5,0.0,0.494,6000.0,-41.91666|-41.83333|-41.75000,-73.41666|-73.33333|-73.25000|-73.16666,GLOBAL_ANALYSISFORECAST_PHY_001_024,cmems_mod_glo_phy-thetao_anfc_0.083deg_P1D-m,cmems_mod_glo_phy-so_anfc_0.083deg_P1D-m,copernicus_marine_analysis_forecast_daily
bajos_lami,Bajos Lami,-41.8332,-73.2666,2026-05-21,10.84005,31.23945,8,8,0.5,0.0,0.494,6000.0,-41.91666|-41.83333|-41.75000,-73.41666|-73.33333|-73.25000|-73.16666,GLOBAL_ANALYSISFORECAST_PHY_001_024,cmems_mod_glo_phy-thetao_anfc_0.083deg_P1D-m,cmems_mod_glo_phy-so_anfc_0.083deg_P1D-m,copernicus_marine_analysis_forecast_daily
bajos_lami,Bajos Lami,-41.8332,-73.2666,2026-05-22,10.72711,31.27265,8,8,0.5,0.0,0.494,6000.0,-41.91666|-41.83333|-41.75000,-73.41666|-73.33333|-73.25000|-73.16666,GLOBAL_ANALYSISFORECAST_PHY_001_024,cmems_mod_glo_phy-thetao_anfc_0.083deg_P1D-m,cmems_mod_glo_phy-so_anfc_0.083deg_P1D-m,copernicus_marine_analysis_forecast_daily
bajos_lami,Bajos Lami,-41.8332,-73.2666,2026-05-23,10.71523,31.33322,8,8,0.5,0.0,0.494,6000.0,-41.91666|-41.83333|-41.75000,-73.41666|-73.33333|-73.25000|-73.16666,GLOBAL_ANALYSISFORECAST_PHY_001_024,cmems_mod_glo_phy-thetao_anfc_0.083deg_P1D-m,cmems_mod_glo_phy-so_anfc_0.083deg_P1D-m,copernicus_marine_analysis_forecast_daily
bajos_lami,Bajos Lami,-41.8332,-73.2666,2026-05-24,10.86765,31.26971,8,8,0.5,0.0,0.494,6000.0,-41.91666|-41.83333|-41.75000,-73.41666|-73.33333|-73.25000|-73.16666,GLOBAL_ANALYSISFORECAST_PHY_001_024,cmems_mod_glo_phy-thetao_anfc_0.083deg_P1D-m,cmems_mod_glo_phy-so_anfc_0.083deg_P1D-m,copernicus_marine_analysis_forecast_daily
bajos_lami,Bajos Lami,-41.8332,-73.2666,2026-05-25,11.04671,31.20713,8,8,0.5,0.0,0.494,6000.0,-41.91666|-41.83333|-41.75000,-73.41666|-73.33333|-73.25000|-73.16666,GLOBAL_ANALYSISFORECAST_PHY_001_024,cmems_mod_glo_phy-thetao_anfc_0.083deg_P1D-m,cmems_mod_glo_phy-so_anfc_0.083deg_P1D-m,copernicus_marine_analysis_forecast_daily
bajos_lami,Bajos Lami,-41.8332,-73.2666,2026-05-26,10.93037,30.99539,8,8,0.5,0.0,0.494,6000.0,-41.91666|-41.83333|-41.75000,-73.41666|-73.33333|-73.25000|-73.16666,GLOBAL_ANALYSISFORECAST_PHY_001_024,cmems_mod_glo_phy-thetao_anfc_0.083deg_P1D-m,cmems_mod_glo_phy-so_anfc_0.083deg_P1D-m,copernicus_marine_analysis_forecast_daily
bajos_lami,Bajos Lami,-41.8332,-73.2666,2026-05-27,10.78632,30.76397,8,8,0.5,0.0,0.494,6000.0,-41.91666|-41.83333|-41.75000,-73.41666|-73.33333|-73.25000|-73.16666,GLOBAL_ANALYSISFORECAST_PHY_001_024,cmems_mod_glo_phy-thetao_anfc_0.083deg_P1D-m,cmems_mod_glo_phy-so_anfc_0.083deg_P1D-m,copernicus_marine_analysis_forecast_daily
bajos_lami,Bajos Lami,-41.8332,-73.2666,2026-05-28,11.14297,31.0412,8,8,0.5,0.0,0.494,6000.0,-41.91666|-41.83333|-41.75000,-73.41666|-73.33333|-73.25000|-73.16666,GLOBAL_ANALYSISFORECAST_PHY_001_024,cmems_mod_glo_phy-thetao_anfc_0.083deg_P1D-m,cmems_mod_glo_phy-so_anfc_0.083deg_P1D-m,copernicus_marine_analysis_forecast_daily
bajos_lami,Bajos Lami,-41.8332,-73.2666,2026-05-29,11.34443,31.37045,8,8,0.5,0.0,0.494,6000.0,-41.91666|-41.83333|-41.75000,-73.41666|-73.33333|-73.25000|-73.16666,GLOBAL_ANALYSISFORECAST_PHY_001_024,cmems_mod_glo_phy-thetao_anfc_0.083deg_P1D-m,cmems_mod_glo_phy-so_anfc_0.083deg_P1D-m,copernicus_marine_analysis_forecast_daily
bajos_lami,Bajos Lami,-41.8332,-73.2666,2026-05-30,11.31437,31.17725,8,8,0.5,0.0,0.494,6000.0,-41.91666|-41.83333|-41.75000,-73.41666|-73.33333|-73.25000|-73.16666,GLOBAL_ANALYSISFORECAST_PHY_001_024,cmems_mod_glo_phy-thetao_anfc_0.083deg_P1D-m,cmems_mod_glo_phy-so_anfc_0.083deg_P1D-m,copernicus_marine_analysis_forecast_daily
bajos_lami,Bajos Lami,-41.8332,-73.2666,2026-05-31,11.2648,30.7566,8,8,0.5,0.0,0.494,6000.0,-41.91666|-41.83333|-41.75000,-73.41666|-73.33333|-73.25000|-73.16666,GLOBAL_ANALYSISFORECAST_PHY_001_024,cmems_mod_glo_phy-thetao_anfc_0.083deg_P1D-m,cmems_mod_glo_phy-so_anfc_0.083deg_P1D-m,copernicus_marine_analysis_forecast_daily
bajos_lami,Bajos Lami,-41.8332,-73.2666,2026-06-01,11.20551,30.28524,8,8,0.5,0.0,0.494,6000.0,-41.91666|-41.83333|-41.75000,-73.41666|-73.33333|-73.25000|-73.16666,GLOBAL_ANALYSISFORECAST_PHY_001_024,cmems_mod_glo_phy-thetao_anfc_0.083deg_P1D-m,cmems_mod_glo_phy-so_anfc_0.083deg_P1D-m,copernicus_marine_analysis_forecast_daily
bajos_lami,Bajos Lami,-41.8332,-73.2666,2026-06-02,11.34944,30.45091,8,8,0.5,0.0,0.494,6000.0,-41.91666|-41.83333|-41.75000,-73.41666|-73.33333|-73.25000|-73.16666,GLOBAL_ANALYSISFORECAST_PHY_001_024,cmems_mod_glo_phy-thetao_anfc_0.083deg_P1D-m,cmems_mod_glo_phy-so_anfc_0.083deg_P1D-m,copernicus_marine_analysis_forecast_daily
bajos_lami,Bajos Lami,-41.8332,-73.2666,2026-06-03,11.38408,31.00898,8,8,0.5,0.0,0.494,6000.0,-41.91666|-41.83333|-41.75000,-73.41666|-73.33333|-73.25000|-73.16666,GLOBAL_ANALYSISFORECAST_PHY_001_024,cmems_mod_glo_phy-thetao_anfc_0.083deg_P1D-m,cmems_mod_glo_phy-so_anfc_0.083deg_P1D-m,copernicus_marine_analysis_forecast_daily
bajos_lami,Bajos Lami,-41.8332,-73.2666,2026-06-04,11.21883,30.6468,8,8,0.5,0.0,0.494,6000.0,-41.91666|-41.83333|-41.75000,-73.41666|-73.33333|-73.25000|-73.16666,GLOBAL_ANALYSISFORECAST_PHY_001_024,cmems_mod_glo_phy-thetao_anfc_0.083deg_P1D-m,cmems_mod_glo_phy-so_anfc_0.083deg_P1D-m,copernicus_marine_analysis_forecast_daily
bajos_lami,Bajos Lami,-41.8332,-73.2666,2026-06-05,11.0815,30.45209,8,8,0.5,0.0,0.494,6000.0,-41.91666|-41.83333|-41.75000,-73.41666|-73.33333|-73.25000|-73.16666,GLOBAL_ANALYSISFORECAST_PHY_001_024,cmems_mod_glo_phy-thetao_anfc_0.083deg_P1D-m,cmems_mod_glo_phy-so_anfc_0.083deg_P1D-m,copernicus_marine_analysis_forecast_daily
bajos_lami,Bajos Lami,-41.8332,-73.2666,2026-06-06,10.91678,30.20151,8,8,0.5,0.0,0.494,6000.0,-41.91666|-41.83333|-41.75000,-73.41666|-73.33333|-73.25000|-73.16666,GLOBAL_ANALYSISFORECAST_PHY_001_024,cmems_mod_glo_phy-thetao_anfc_0.083deg_P1D-m,cmems_mod_glo_phy-so_anfc_0.083deg_P1D-m,copernicus_marine_analysis_forecast_daily
bajos_lami,Bajos Lami,-41.8332,-73.2666,2026-06-07,10.7993,29.70952,8,8,0.5,0.0,0.494,6000.0,-41.91666|-41.83333|-41.75000,-73.41666|-73.33333|-73.25000|-73.16666,GLOBAL_ANALYSISFORECAST_PHY_001_024,cmems_mod_glo_phy-thetao_anfc_0.083deg_P1D-m,cmems_mod_glo_phy-so_anfc_0.083deg_P1D-m,copernicus_marine_analysis_forecast_daily
bajos_lami,Bajos Lami,-41.8332,-73.2666,2026-06-08,10.39108,29.13679,8,8,0.5,0.0,0.494,6000.0,-41.91666|-41.83333|-41.75000,-73.41666|-73.33333|-73.25000|-73.16666,GLOBAL_ANALYSISFORECAST_PHY_001_024,cmems_mod_glo_phy-thetao_anfc_0.083deg_P1D-m,cmems_mod_glo_phy-so_anfc_0.083deg_P1D-m,copernicus_marine_analysis_forecast_daily
bajos_lami,Bajos Lami,-41.8332,-73.2666,2026-06-09,10.8048,29.68197,8,8,0.5,0.0,0.494,6000.0,-41.91666|-41.83333|-41.75000,-73.41666|-73.33333|-73.25000|-73.16666,GLOBAL_ANALYSISFORECAST_PHY_001_024,cmems_mod_glo_phy-thetao_anfc_0.083deg_P1D-m,cmems_mod_glo_phy-so_anfc_0.083deg_P1D-m,copernicus_marine_analysis_forecast_daily
bajos_lami,Bajos Lami,-41.8332,-73.2666,2026-06-10,10.8072,30.15981,8,8,0.5,0.0,0.494,6000.0,-41.91666|-41.83333|-41.75000,-73.41666|-73.33333|-73.25000|-73.16666,GLOBAL_ANALYSISFORECAST_PHY_001_024,cmems_mod_glo_phy-thetao_anfc_0.083deg_P1D-m,cmems_mod_glo_phy-so_anfc_0.083deg_P1D-m,copernicus_marine_analysis_forecast_daily
bajos_lami,Bajos Lami,-41.8332,-73.2666,2026-06-11,10.86249,30.58022,8,8,0.5,0.0,0.494,6000.0,-41.91666|-41.83333|-41.75000,-73.41666|-73.33333|-73.25000|-73.16666,GLOBAL_ANALYSISFORECAST_PHY_001_024,cmems_mod_glo_phy-thetao_anfc_0.083deg_P1D-m,cmems_mod_glo_phy-so_anfc_0.083deg_P1D-m,copernicus_marine_analysis_forecast_daily
bajos_lami,Bajos Lami,-41.8332,-73.2666,2026-06-12,10.85043,30.60008,8,8,0.5,0.0,0.494,6000.0,-41.91666|-41.83333|-41.75000,-73.41666|-73.33333|-73.25000|-73.16666,GLOBAL_ANALYSISFORECAST_PHY_001_024,cmems_mod_glo_phy-thetao_anfc_0.083deg_P1D-m,cmems_mod_glo_phy-so_anfc_0.083deg_P1D-m,copernicus_marine_analysis_forecast_daily
bajos_lami,Bajos Lami,-41.8332,-73.2666,2026-06-13,10.53686,30.45795,8,8,0.5,0.0,0.494,6000.0,-41.91666|-41.83333|-41.75000,-73.41666|-73.33333|-73.25000|-73.16666,GLOBAL_ANALYSISFORECAST_PHY_001_024,cmems_mod_glo_phy-thetao_anfc_0.083deg_P1D-m,cmems_mod_glo_phy-so_anfc_0.083deg_P1D-m,copernicus_marine_analysis_forecast_daily
bajos_lami,Bajos Lami,-41.8332,-73.2666,2026-06-14,10.22469,30.151,8,8,0.5,0.0,0.494,6000.0,-41.91666|-41.83333|-41.75000,-73.41666|-73.33333|-73.25000|-73.16666,GLOBAL_ANALYSISFORECAST_PHY_001_024,cmems_mod_glo_phy-thetao_anfc_0.083deg_P1D-m,cmems_mod_glo_phy-so_anfc_0.083deg_P1D-m,copernicus_marine_analysis_forecast_daily
bajos_lami,Bajos Lami,-41.8332,-73.2666,2026-06-15,10.114,29.85012,8,8,0.5,0.0,0.494,6000.0,-41.91666|-41.83333|-41.75000,-73.41666|-73.33333|-73.25000|-73.16666,GLOBAL_ANALYSISFORECAST_PHY_001_024,cmems_mod_glo_phy-thetao_anfc_0.083deg_P1D-m,cmems_mod_glo_phy-so_anfc_0.083deg_P1D-m,copernicus_marine_analysis_forecast_daily
bajos_lami,Bajos Lami,-41.8332,-73.2666,2026-06-16,9.9508,30.03026,8,8,0.5,0.0,0.494,6000.0,-41.91666|-41.83333|-41.75000,-73.41666|-73.33333|-73.25000|-73.16666,GLOBAL_ANALYSISFORECAST_PHY_001_024,cmems_mod_glo_phy-thetao_anfc_0.083deg_P1D-m,cmems_mod_glo_phy-so_anfc_0.083deg_P1D-m,copernicus_marine_analysis_forecast_daily
bajos_lami,Bajos Lami,-41.8332,-73.2666,2026-06-17,9.89629,30.37639,8,8,0.5,0.0,0.494,6000.0,-41.91666|-41.83333|-41.75000,-73.41666|-73.33333|-73.25000|-73.16666,GLOBAL_ANALYSISFORECAST_PHY_001_024,cmems_mod_glo_phy-thetao_anfc_0.083deg_P1D-m,cmems_mod_glo_phy-so_anfc_0.083deg_P1D-m,copernicus_marine_analysis_forecast_daily
bajos_lami,Bajos Lami,-41.8332,-73.2666,2026-06-18,9.76315,30.271,8,8,0.5,0.0,0.494,6000.0,-41.91666|-41.83333|-41.75000,-73.41666|-73.33333|-73.25000|-73.16666,GLOBAL_ANALYSISFORECAST_PHY_001_024,cmems_mod_glo_phy-thetao_anfc_0.083deg_P1D-m,cmems_mod_glo_phy-so_anfc_0.083deg_P1D-m,copernicus_marine_analysis_forecast_daily
bajos_lami,Bajos Lami,-41.8332,-73.2666,2026-06-19,9.77285,30.32993,8,8,0.5,0.0,0.494,6000.0,-41.91666|-41.83333|-41.75000,-73.41666|-73.33333|-73.25000|-73.16666,GLOBAL_ANALYSISFORECAST_PHY_001_024,cmems_mod_glo_phy-thetao_anfc_0.083deg_P1D-m,cmems_mod_glo_phy-so_anfc_0.083deg_P1D-m,copernicus_marine_analysis_forecast_daily
bajos_lami,Bajos Lami,-41.8332,-73.2666,2026-06-20,10.08595,30.75107,8,8,0.5,0.0,0.494,6000.0,-41.91666|-41.83333|-41.75000,-73.41666|-73.33333|-73.25000|-73.16666,GLOBAL_ANALYSISFORECAST_PHY_001_024,cmems_mod_glo_phy-thetao_anfc_0.083deg_P1D-m,cmems_mod_glo_phy-so_anfc_0.083deg_P1D-m,copernicus_marine_analysis_forecast_daily
bajos_lami,Bajos Lami,-41.8332,-73.2666,2026-06-21,10.05627,30.8805,8,8,0.5,0.0,0.494,6000.0,-41.91666|-41.83333|-41.75000,-73.41666|-73.33333|-73.25000|-73.16666,GLOBAL_ANALYSISFORECAST_PHY_001_024,cmems_mod_glo_phy-thetao_anfc_0.083deg_P1D-m,cmems_mod_glo_phy-so_anfc_0.083deg_P1D-m,copernicus_marine_analysis_forecast_daily
bajos_lami,Bajos Lami,-41.8332,-73.2666,2026-06-22,9.88348,30.65648,8,8,0.5,0.0,0.494,6000.0,-41.91666|-41.83333|-41.75000,-73.41666|-73.33333|-73.25000|-73.16666,GLOBAL_ANALYSISFORECAST_PHY_001_024,cmems_mod_glo_phy-thetao_anfc_0.083deg_P1D-m,cmems_mod_glo_phy-so_anfc_0.083deg_P1D-m,copernicus_marine_analysis_forecast_daily
bajos_lami,Bajos Lami,-41.8332,-73.2666,2026-06-23,9.73449,30.20447,8,8,0.5,0.0,0.494,6000.0,-41.91666|-41.83333|-41.75000,-73.41666|-73.33333|-73.25000|-73.16666,GLOBAL_ANALYSISFORECAST_PHY_001_024,cmems_mod_glo_phy-thetao_anfc_0.083deg_P1D-m,cmems_mod_glo_phy-so_anfc_0.083deg_P1D-m,copernicus_marine_analysis_forecast_daily
bajos_lami,Bajos Lami,-41.8332,-73.2666,2026-06-24,9.99333,30.12507,8,8,0.5,0.0,0.494,6000.0,-41.91666|-41.83333|-41.75000,-73.41666|-73.33333|-73.25000|-73.16666,GLOBAL_ANALYSISFORECAST_PHY_001_024,cmems_mod_glo_phy-thetao_anfc_0.083deg_P1D-m,cmems_mod_glo_phy-so_anfc_0.083deg_P1D-m,copernicus_marine_analysis_forecast_daily
bajos_lami,Bajos Lami,-41.8332,-73.2666,2026-06-25,10.05008,30.17672,8,8,0.5,0.0,0.494,6000.0,-41.91666|-41.83333|-41.75000,-73.41666|-73.33333|-73.25000|-73.16666,GLOBAL_ANALYSISFORECAST_PHY_001_024,cmems_mod_glo_phy-thetao_anfc_0.083deg_P1D-m,cmems_mod_glo_phy-so_anfc_0.083deg_P1D-m,copernicus_marine_analysis_forecast_daily
bajos_lami,Bajos Lami,-41.8332,-73.2666,2026-06-26,10.21557,30.75217,8,8,0.5,0.0,0.494,6000.0,-41.91666|-41.83333|-41.75000,-73.41666|-73.33333|-73.25000|-73.16666,GLOBAL_ANALYSISFORECAST_PHY_001_024,cmems_mod_glo_phy-thetao_anfc_0.083deg_P1D-m,cmems_mod_glo_phy-so_anfc_0.083deg_P1D-m,copernicus_marine_analysis_forecast_daily
pilpilehue,Pilpilehue,-42.714997,-73.618097,2026-05-01,11.83451,32.57545,9,9,0.5,0.0,0.494,6000.0,-42.83333|-42.75000|-42.66666|-42.58333,-73.75000|-73.66666|-73.58333|-73.50000,GLOBAL_ANALYSISFORECAST_PHY_001_024,cmems_mod_glo_phy-thetao_anfc_0.083deg_P1D-m,cmems_mod_glo_phy-so_anfc_0.083deg_P1D-m,copernicus_marine_analysis_forecast_daily
pilpilehue,Pilpilehue,-42.714997,-73.618097,2026-05-02,11.77828,32.58765,9,9,0.5,0.0,0.494,6000.0,-42.83333|-42.75000|-42.66666|-42.58333,-73.75000|-73.66666|-73.58333|-73.50000,GLOBAL_ANALYSISFORECAST_PHY_001_024,cmems_mod_glo_phy-thetao_anfc_0.083deg_P1D-m,cmems_mod_glo_phy-so_anfc_0.083deg_P1D-m,copernicus_marine_analysis_forecast_daily
pilpilehue,Pilpilehue,-42.714997,-73.618097,2026-05-03,11.70045,32.57314,9,9,0.5,0.0,0.494,6000.0,-42.83333|-42.75000|-42.66666|-42.58333,-73.75000|-73.66666|-73.58333|-73.50000,GLOBAL_ANALYSISFORECAST_PHY_001_024,cmems_mod_glo_phy-thetao_anfc_0.083deg_P1D-m,cmems_mod_glo_phy-so_anfc_0.083deg_P1D-m,copernicus_marine_analysis_forecast_daily
pilpilehue,Pilpilehue,-42.714997,-73.618097,2026-05-04,11.68635,32.56935,9,9,0.5,0.0,0.494,6000.0,-42.83333|-42.75000|-42.66666|-42.58333,-73.75000|-73.66666|-73.58333|-73.50000,GLOBAL_ANALYSISFORECAST_PHY_001_024,cmems_mod_glo_phy-thetao_anfc_0.083deg_P1D-m,cmems_mod_glo_phy-so_anfc_0.083deg_P1D-m,copernicus_marine_analysis_forecast_daily
pilpilehue,Pilpilehue,-42.714997,-73.618097,2026-05-05,11.64418,32.5618,9,9,0.5,0.0,0.494,6000.0,-42.83333|-42.75000|-42.66666|-42.58333,-73.75000|-73.66666|-73.58333|-73.50000,GLOBAL_ANALYSISFORECAST_PHY_001_024,cmems_mod_glo_phy-thetao_anfc_0.083deg_P1D-m,cmems_mod_glo_phy-so_anfc_0.083deg_P1D-m,copernicus_marine_analysis_forecast_daily
pilpilehue,Pilpilehue,-42.714997,-73.618097,2026-05-06,11.58693,32.57742,9,9,0.5,0.0,0.494,6000.0,-42.83333|-42.75000|-42.66666|-42.58333,-73.75000|-73.66666|-73.58333|-73.50000,GLOBAL_ANALYSISFORECAST_PHY_001_024,cmems_mod_glo_phy-thetao_anfc_0.083deg_P1D-m,cmems_mod_glo_phy-so_anfc_0.083deg_P1D-m,copernicus_marine_analysis_forecast_daily
pilpilehue,Pilpilehue,-42.714997,-73.618097,2026-05-07,11.50604,32.58684,9,9,0.5,0.0,0.494,6000.0,-42.83333|-42.75000|-42.66666|-42.58333,-73.75000|-73.66666|-73.58333|-73.50000,GLOBAL_ANALYSISFORECAST_PHY_001_024,cmems_mod_glo_phy-thetao_anfc_0.083deg_P1D-m,cmems_mod_glo_phy-so_anfc_0.083deg_P1D-m,copernicus_marine_analysis_forecast_daily
pilpilehue,Pilpilehue,-42.714997,-73.618097,2026-05-08,11.44149,32.58433,9,9,0.5,0.0,0.494,6000.0,-42.83333|-42.75000|-42.66666|-42.58333,-73.75000|-73.66666|-73.58333|-73.50000,GLOBAL_ANALYSISFORECAST_PHY_001_024,cmems_mod_glo_phy-thetao_anfc_0.083deg_P1D-m,cmems_mod_glo_phy-so_anfc_0.083deg_P1D-m,copernicus_marine_analysis_forecast_daily
pilpilehue,Pilpilehue,-42.714997,-73.618097,2026-05-09,11.44909,32.56891,9,9,0.5,0.0,0.494,6000.0,-42.83333|-42.75000|-42.66666|-42.58333,-73.75000|-73.66666|-73.58333|-73.50000,GLOBAL_ANALYSISFORECAST_PHY_001_024,cmems_mod_glo_phy-thetao_anfc_0.083deg_P1D-m,cmems_mod_glo_phy-so_anfc_0.083deg_P1D-m,copernicus_marine_analysis_forecast_daily
pilpilehue,Pilpilehue,-42.714997,-73.618097,2026-05-10,11.43044,32.5579,9,9,0.5,0.0,0.494,6000.0,-42.83333|-42.75000|-42.66666|-42.58333,-73.75000|-73.66666|-73.58333|-73.50000,GLOBAL_ANALYSISFORECAST_PHY_001_024,cmems_mod_glo_phy-thetao_anfc_0.083deg_P1D-m,cmems_mod_glo_phy-so_anfc_0.083deg_P1D-m,copernicus_marine_analysis_forecast_daily
pilpilehue,Pilpilehue,-42.714997,-73.618097,2026-05-11,11.40601,32.52533,9,9,0.5,0.0,0.494,6000.0,-42.83333|-42.75000|-42.66666|-42.58333,-73.75000|-73.66666|-73.58333|-73.50000,GLOBAL_ANALYSISFORECAST_PHY_001_024,cmems_mod_glo_phy-thetao_anfc_0.083deg_P1D-m,cmems_mod_glo_phy-so_anfc_0.083deg_P1D-m,copernicus_marine_analysis_forecast_daily
pilpilehue,Pilpilehue,-42.714997,-73.618097,2026-05-12,11.36105,32.50515,9,9,0.5,0.0,0.494,6000.0,-42.83333|-42.75000|-42.66666|-42.58333,-73.75000|-73.66666|-73.58333|-73.50000,GLOBAL_ANALYSISFORECAST_PHY_001_024,cmems_mod_glo_phy-thetao_anfc_0.083deg_P1D-m,cmems_mod_glo_phy-so_anfc_0.083deg_P1D-m,copernicus_marine_analysis_forecast_daily
pilpilehue,Pilpilehue,-42.714997,-73.618097,2026-05-13,11.23786,32.52565,9,9,0.5,0.0,0.494,6000.0,-42.83333|-42.75000|-42.66666|-42.58333,-73.75000|-73.66666|-73.58333|-73.50000,GLOBAL_ANALYSISFORECAST_PHY_001_024,cmems_mod_glo_phy-thetao_anfc_0.083deg_P1D-m,cmems_mod_glo_phy-so_anfc_0.083deg_P1D-m,copernicus_marine_analysis_forecast_daily
pilpilehue,Pilpilehue,-42.714997,-73.618097,2026-05-14,11.15849,32.51965,9,9,0.5,0.0,0.494,6000.0,-42.83333|-42.75000|-42.66666|-42.58333,-73.75000|-73.66666|-73.58333|-73.50000,GLOBAL_ANALYSISFORECAST_PHY_001_024,cmems_mod_glo_phy-thetao_anfc_0.083deg_P1D-m,cmems_mod_glo_phy-so_anfc_0.083deg_P1D-m,copernicus_marine_analysis_forecast_daily
pilpilehue,Pilpilehue,-42.714997,-73.618097,2026-05-15,11.10717,32.50001,9,9,0.5,0.0,0.494,6000.0,-42.83333|-42.75000|-42.66666|-42.58333,-73.75000|-73.66666|-73.58333|-73.50000,GLOBAL_ANALYSISFORECAST_PHY_001_024,cmems_mod_glo_phy-thetao_anfc_0.083deg_P1D-m,cmems_mod_glo_phy-so_anfc_0.083deg_P1D-m,copernicus_marine_analysis_forecast_daily
pilpilehue,Pilpilehue,-42.714997,-73.618097,2026-05-16,11.04106,32.46201,9,9,0.5,0.0,0.494,6000.0,-42.83333|-42.75000|-42.66666|-42.58333,-73.75000|-73.66666|-73.58333|-73.50000,GLOBAL_ANALYSISFORECAST_PHY_001_024,cmems_mod_glo_phy-thetao_anfc_0.083deg_P1D-m,cmems_mod_glo_phy-so_anfc_0.083deg_P1D-m,copernicus_marine_analysis_forecast_daily
pilpilehue,Pilpilehue,-42.714997,-73.618097,2026-05-17,10.9972,32.41816,9,9,0.5,0.0,0.494,6000.0,-42.83333|-42.75000|-42.66666|-42.58333,-73.75000|-73.66666|-73.58333|-73.50000,GLOBAL_ANALYSISFORECAST_PHY_001_024,cmems_mod_glo_phy-thetao_anfc_0.083deg_P1D-m,cmems_mod_glo_phy-so_anfc_0.083deg_P1D-m,copernicus_marine_analysis_forecast_daily
pilpilehue,Pilpilehue,-42.714997,-73.618097,2026-05-18,10.95577,32.36887,9,9,0.5,0.0,0.494,6000.0,-42.83333|-42.75000|-42.66666|-42.58333,-73.75000|-73.66666|-73.58333|-73.50000,GLOBAL_ANALYSISFORECAST_PHY_001_024,cmems_mod_glo_phy-thetao_anfc_0.083deg_P1D-m,cmems_mod_glo_phy-so_anfc_0.083deg_P1D-m,copernicus_marine_analysis_forecast_daily
pilpilehue,Pilpilehue,-42.714997,-73.618097,2026-05-19,10.87705,32.31157,9,9,0.5,0.0,0.494,6000.0,-42.83333|-42.75000|-42.66666|-42.58333,-73.75000|-73.66666|-73.58333|-73.50000,GLOBAL_ANALYSISFORECAST_PHY_001_024,cmems_mod_glo_phy-thetao_anfc_0.083deg_P1D-m,cmems_mod_glo_phy-so_anfc_0.083deg_P1D-m,copernicus_marine_analysis_forecast_daily
pilpilehue,Pilpilehue,-42.714997,-73.618097,2026-05-20,10.85691,32.23961,9,9,0.5,0.0,0.494,6000.0,-42.83333|-42.75000|-42.66666|-42.58333,-73.75000|-73.66666|-73.58333|-73.50000,GLOBAL_ANALYSISFORECAST_PHY_001_024,cmems_mod_glo_phy-thetao_anfc_0.083deg_P1D-m,cmems_mod_glo_phy-so_anfc_0.083deg_P1D-m,copernicus_marine_analysis_forecast_daily
pilpilehue,Pilpilehue,-42.714997,-73.618097,2026-05-21,10.79455,32.12912,9,9,0.5,0.0,0.494,6000.0,-42.83333|-42.75000|-42.66666|-42.58333,-73.75000|-73.66666|-73.58333|-73.50000,GLOBAL_ANALYSISFORECAST_PHY_001_024,cmems_mod_glo_phy-thetao_anfc_0.083deg_P1D-m,cmems_mod_glo_phy-so_anfc_0.083deg_P1D-m,copernicus_marine_analysis_forecast_daily
pilpilehue,Pilpilehue,-42.714997,-73.618097,2026-05-22,10.69011,32.10039,9,9,0.5,0.0,0.494,6000.0,-42.83333|-42.75000|-42.66666|-42.58333,-73.75000|-73.66666|-73.58333|-73.50000,GLOBAL_ANALYSISFORECAST_PHY_001_024,cmems_mod_glo_phy-thetao_anfc_0.083deg_P1D-m,cmems_mod_glo_phy-so_anfc_0.083deg_P1D-m,copernicus_marine_analysis_forecast_daily
pilpilehue,Pilpilehue,-42.714997,-73.618097,2026-05-23,10.67053,32.08121,9,9,0.5,0.0,0.494,6000.0,-42.83333|-42.75000|-42.66666|-42.58333,-73.75000|-73.66666|-73.58333|-73.50000,GLOBAL_ANALYSISFORECAST_PHY_001_024,cmems_mod_glo_phy-thetao_anfc_0.083deg_P1D-m,cmems_mod_glo_phy-so_anfc_0.083deg_P1D-m,copernicus_marine_analysis_forecast_daily
pilpilehue,Pilpilehue,-42.714997,-73.618097,2026-05-24,10.88342,32.17108,9,9,0.5,0.0,0.494,6000.0,-42.83333|-42.75000|-42.66666|-42.58333,-73.75000|-73.66666|-73.58333|-73.50000,GLOBAL_ANALYSISFORECAST_PHY_001_024,cmems_mod_glo_phy-thetao_anfc_0.083deg_P1D-m,cmems_mod_glo_phy-so_anfc_0.083deg_P1D-m,copernicus_marine_analysis_forecast_daily
pilpilehue,Pilpilehue,-42.714997,-73.618097,2026-05-25,10.97972,32.20241,9,9,0.5,0.0,0.494,6000.0,-42.83333|-42.75000|-42.66666|-42.58333,-73.75000|-73.66666|-73.58333|-73.50000,GLOBAL_ANALYSISFORECAST_PHY_001_024,cmems_mod_glo_phy-thetao_anfc_0.083deg_P1D-m,cmems_mod_glo_phy-so_anfc_0.083deg_P1D-m,copernicus_marine_analysis_forecast_daily
pilpilehue,Pilpilehue,-42.714997,-73.618097,2026-05-26,10.90494,32.11122,9,9,0.5,0.0,0.494,6000.0,-42.83333|-42.75000|-42.66666|-42.58333,-73.75000|-73.66666|-73.58333|-73.50000,GLOBAL_ANALYSISFORECAST_PHY_001_024,cmems_mod_glo_phy-thetao_anfc_0.083deg_P1D-m,cmems_mod_glo_phy-so_anfc_0.083deg_P1D-m,copernicus_marine_analysis_forecast_daily
pilpilehue,Pilpilehue,-42.714997,-73.618097,2026-05-27,10.81694,32.07314,9,9,0.5,0.0,0.494,6000.0,-42.83333|-42.75000|-42.66666|-42.58333,-73.75000|-73.66666|-73.58333|-73.50000,GLOBAL_ANALYSISFORECAST_PHY_001_024,cmems_mod_glo_phy-thetao_anfc_0.083deg_P1D-m,cmems_mod_glo_phy-so_anfc_0.083deg_P1D-m,copernicus_marine_analysis_forecast_daily
pilpilehue,Pilpilehue,-42.714997,-73.618097,2026-05-28,11.02339,32.16155,9,9,0.5,0.0,0.494,6000.0,-42.83333|-42.75000|-42.66666|-42.58333,-73.75000|-73.66666|-73.58333|-73.50000,GLOBAL_ANALYSISFORECAST_PHY_001_024,cmems_mod_glo_phy-thetao_anfc_0.083deg_P1D-m,cmems_mod_glo_phy-so_anfc_0.083deg_P1D-m,copernicus_marine_analysis_forecast_daily
pilpilehue,Pilpilehue,-42.714997,-73.618097,2026-05-29,11.12515,32.21953,9,9,0.5,0.0,0.494,6000.0,-42.83333|-42.75000|-42.66666|-42.58333,-73.75000|-73.66666|-73.58333|-73.50000,GLOBAL_ANALYSISFORECAST_PHY_001_024,cmems_mod_glo_phy-thetao_anfc_0.083deg_P1D-m,cmems_mod_glo_phy-so_anfc_0.083deg_P1D-m,copernicus_marine_analysis_forecast_daily
pilpilehue,Pilpilehue,-42.714997,-73.618097,2026-05-30,11.11646,32.21036,9,9,0.5,0.0,0.494,6000.0,-42.83333|-42.75000|-42.66666|-42.58333,-73.75000|-73.66666|-73.58333|-73.50000,GLOBAL_ANALYSISFORECAST_PHY_001_024,cmems_mod_glo_phy-thetao_anfc_0.083deg_P1D-m,cmems_mod_glo_phy-so_anfc_0.083deg_P1D-m,copernicus_marine_analysis_forecast_daily
pilpilehue,Pilpilehue,-42.714997,-73.618097,2026-05-31,11.11493,32.18467,9,9,0.5,0.0,0.494,6000.0,-42.83333|-42.75000|-42.66666|-42.58333,-73.75000|-73.66666|-73.58333|-73.50000,GLOBAL_ANALYSISFORECAST_PHY_001_024,cmems_mod_glo_phy-thetao_anfc_0.083deg_P1D-m,cmems_mod_glo_phy-so_anfc_0.083deg_P1D-m,copernicus_marine_analysis_forecast_daily
pilpilehue,Pilpilehue,-42.714997,-73.618097,2026-06-01,11.06153,32.21057,9,9,0.5,0.0,0.494,6000.0,-42.83333|-42.75000|-42.66666|-42.58333,-73.75000|-73.66666|-73.58333|-73.50000,GLOBAL_ANALYSISFORECAST_PHY_001_024,cmems_mod_glo_phy-thetao_anfc_0.083deg_P1D-m,cmems_mod_glo_phy-so_anfc_0.083deg_P1D-m,copernicus_marine_analysis_forecast_daily
pilpilehue,Pilpilehue,-42.714997,-73.618097,2026-06-02,11.15583,32.25785,9,9,0.5,0.0,0.494,6000.0,-42.83333|-42.75000|-42.66666|-42.58333,-73.75000|-73.66666|-73.58333|-73.50000,GLOBAL_ANALYSISFORECAST_PHY_001_024,cmems_mod_glo_phy-thetao_anfc_0.083deg_P1D-m,cmems_mod_glo_phy-so_anfc_0.083deg_P1D-m,copernicus_marine_analysis_forecast_daily
pilpilehue,Pilpilehue,-42.714997,-73.618097,2026-06-03,11.22623,32.3577,9,9,0.5,0.0,0.494,6000.0,-42.83333|-42.75000|-42.66666|-42.58333,-73.75000|-73.66666|-73.58333|-73.50000,GLOBAL_ANALYSISFORECAST_PHY_001_024,cmems_mod_glo_phy-thetao_anfc_0.083deg_P1D-m,cmems_mod_glo_phy-so_anfc_0.083deg_P1D-m,copernicus_marine_analysis_forecast_daily
pilpilehue,Pilpilehue,-42.714997,-73.618097,2026-06-04,11.14512,32.33467,9,9,0.5,0.0,0.494,6000.0,-42.83333|-42.75000|-42.66666|-42.58333,-73.75000|-73.66666|-73.58333|-73.50000,GLOBAL_ANALYSISFORECAST_PHY_001_024,cmems_mod_glo_phy-thetao_anfc_0.083deg_P1D-m,cmems_mod_glo_phy-so_anfc_0.083deg_P1D-m,copernicus_marine_analysis_forecast_daily
pilpilehue,Pilpilehue,-42.714997,-73.618097,2026-06-05,10.97681,32.35774,9,9,0.5,0.0,0.494,6000.0,-42.83333|-42.75000|-42.66666|-42.58333,-73.75000|-73.66666|-73.58333|-73.50000,GLOBAL_ANALYSISFORECAST_PHY_001_024,cmems_mod_glo_phy-thetao_anfc_0.083deg_P1D-m,cmems_mod_glo_phy-so_anfc_0.083deg_P1D-m,copernicus_marine_analysis_forecast_daily
pilpilehue,Pilpilehue,-42.714997,-73.618097,2026-06-06,10.96802,32.36517,9,9,0.5,0.0,0.494,6000.0,-42.83333|-42.75000|-42.66666|-42.58333,-73.75000|-73.66666|-73.58333|-73.50000,GLOBAL_ANALYSISFORECAST_PHY_001_024,cmems_mod_glo_phy-thetao_anfc_0.083deg_P1D-m,cmems_mod_glo_phy-so_anfc_0.083deg_P1D-m,copernicus_marine_analysis_forecast_daily
pilpilehue,Pilpilehue,-42.714997,-73.618097,2026-06-07,10.89673,32.35733,9,9,0.5,0.0,0.494,6000.0,-42.83333|-42.75000|-42.66666|-42.58333,-73.75000|-73.66666|-73.58333|-73.50000,GLOBAL_ANALYSISFORECAST_PHY_001_024,cmems_mod_glo_phy-thetao_anfc_0.083deg_P1D-m,cmems_mod_glo_phy-so_anfc_0.083deg_P1D-m,copernicus_marine_analysis_forecast_daily
pilpilehue,Pilpilehue,-42.714997,-73.618097,2026-06-08,10.85995,32.33861,9,9,0.5,0.0,0.494,6000.0,-42.83333|-42.75000|-42.66666|-42.58333,-73.75000|-73.66666|-73.58333|-73.50000,GLOBAL_ANALYSISFORECAST_PHY_001_024,cmems_mod_glo_phy-thetao_anfc_0.083deg_P1D-m,cmems_mod_glo_phy-so_anfc_0.083deg_P1D-m,copernicus_marine_analysis_forecast_daily
pilpilehue,Pilpilehue,-42.714997,-73.618097,2026-06-09,10.83731,32.35297,9,9,0.5,0.0,0.494,6000.0,-42.83333|-42.75000|-42.66666|-42.58333,-73.75000|-73.66666|-73.58333|-73.50000,GLOBAL_ANALYSISFORECAST_PHY_001_024,cmems_mod_glo_phy-thetao_anfc_0.083deg_P1D-m,cmems_mod_glo_phy-so_anfc_0.083deg_P1D-m,copernicus_marine_analysis_forecast_daily
pilpilehue,Pilpilehue,-42.714997,-73.618097,2026-06-10,10.81037,32.38626,9,9,0.5,0.0,0.494,6000.0,-42.83333|-42.75000|-42.66666|-42.58333,-73.75000|-73.66666|-73.58333|-73.50000,GLOBAL_ANALYSISFORECAST_PHY_001_024,cmems_mod_glo_phy-thetao_anfc_0.083deg_P1D-m,cmems_mod_glo_phy-so_anfc_0.083deg_P1D-m,copernicus_marine_analysis_forecast_daily
pilpilehue,Pilpilehue,-42.714997,-73.618097,2026-06-11,10.76965,32.35867,9,9,0.5,0.0,0.494,6000.0,-42.83333|-42.75000|-42.66666|-42.58333,-73.75000|-73.66666|-73.58333|-73.50000,GLOBAL_ANALYSISFORECAST_PHY_001_024,cmems_mod_glo_phy-thetao_anfc_0.083deg_P1D-m,cmems_mod_glo_phy-so_anfc_0.083deg_P1D-m,copernicus_marine_analysis_forecast_daily
pilpilehue,Pilpilehue,-42.714997,-73.618097,2026-06-12,10.66464,32.35782,9,9,0.5,0.0,0.494,6000.0,-42.83333|-42.75000|-42.66666|-42.58333,-73.75000|-73.66666|-73.58333|-73.50000,GLOBAL_ANALYSISFORECAST_PHY_001_024,cmems_mod_glo_phy-thetao_anfc_0.083deg_P1D-m,cmems_mod_glo_phy-so_anfc_0.083deg_P1D-m,copernicus_marine_analysis_forecast_daily
pilpilehue,Pilpilehue,-42.714997,-73.618097,2026-06-13,10.51934,32.42194,9,9,0.5,0.0,0.494,6000.0,-42.83333|-42.75000|-42.66666|-42.58333,-73.75000|-73.66666|-73.58333|-73.50000,GLOBAL_ANALYSISFORECAST_PHY_001_024,cmems_mod_glo_phy-thetao_anfc_0.083deg_P1D-m,cmems_mod_glo_phy-so_anfc_0.083deg_P1D-m,copernicus_marine_analysis_forecast_daily
pilpilehue,Pilpilehue,-42.714997,-73.618097,2026-06-14,10.48678,32.45266,9,9,0.5,0.0,0.494,6000.0,-42.83333|-42.75000|-42.66666|-42.58333,-73.75000|-73.66666|-73.58333|-73.50000,GLOBAL_ANALYSISFORECAST_PHY_001_024,cmems_mod_glo_phy-thetao_anfc_0.083deg_P1D-m,cmems_mod_glo_phy-so_anfc_0.083deg_P1D-m,copernicus_marine_analysis_forecast_daily
pilpilehue,Pilpilehue,-42.714997,-73.618097,2026-06-15,10.44108,32.44571,9,9,0.5,0.0,0.494,6000.0,-42.83333|-42.75000|-42.66666|-42.58333,-73.75000|-73.66666|-73.58333|-73.50000,GLOBAL_ANALYSISFORECAST_PHY_001_024,cmems_mod_glo_phy-thetao_anfc_0.083deg_P1D-m,cmems_mod_glo_phy-so_anfc_0.083deg_P1D-m,copernicus_marine_analysis_forecast_daily
pilpilehue,Pilpilehue,-42.714997,-73.618097,2026-06-16,10.39494,32.44528,9,9,0.5,0.0,0.494,6000.0,-42.83333|-42.75000|-42.66666|-42.58333,-73.75000|-73.66666|-73.58333|-73.50000,GLOBAL_ANALYSISFORECAST_PHY_001_024,cmems_mod_glo_phy-thetao_anfc_0.083deg_P1D-m,cmems_mod_glo_phy-so_anfc_0.083deg_P1D-m,copernicus_marine_analysis_forecast_daily
pilpilehue,Pilpilehue,-42.714997,-73.618097,2026-06-17,10.3371,32.45125,9,9,0.5,0.0,0.494,6000.0,-42.83333|-42.75000|-42.66666|-42.58333,-73.75000|-73.66666|-73.58333|-73.50000,GLOBAL_ANALYSISFORECAST_PHY_001_024,cmems_mod_glo_phy-thetao_anfc_0.083deg_P1D-m,cmems_mod_glo_phy-so_anfc_0.083deg_P1D-m,copernicus_marine_analysis_forecast_daily
pilpilehue,Pilpilehue,-42.714997,-73.618097,2026-06-18,10.2936,32.45036,9,9,0.5,0.0,0.494,6000.0,-42.83333|-42.75000|-42.66666|-42.58333,-73.75000|-73.66666|-73.58333|-73.50000,GLOBAL_ANALYSISFORECAST_PHY_001_024,cmems_mod_glo_phy-thetao_anfc_0.083deg_P1D-m,cmems_mod_glo_phy-so_anfc_0.083deg_P1D-m,copernicus_marine_analysis_forecast_daily
pilpilehue,Pilpilehue,-42.714997,-73.618097,2026-06-19,10.25224,32.44651,9,9,0.5,0.0,0.494,6000.0,-42.83333|-42.75000|-42.66666|-42.58333,-73.75000|-73.66666|-73.58333|-73.50000,GLOBAL_ANALYSISFORECAST_PHY_001_024,cmems_mod_glo_phy-thetao_anfc_0.083deg_P1D-m,cmems_mod_glo_phy-so_anfc_0.083deg_P1D-m,copernicus_marine_analysis_forecast_daily
pilpilehue,Pilpilehue,-42.714997,-73.618097,2026-06-20,10.2091,32.43802,9,9,0.5,0.0,0.494,6000.0,-42.83333|-42.75000|-42.66666|-42.58333,-73.75000|-73.66666|-73.58333|-73.50000,GLOBAL_ANALYSISFORECAST_PHY_001_024,cmems_mod_glo_phy-thetao_anfc_0.083deg_P1D-m,cmems_mod_glo_phy-so_anfc_0.083deg_P1D-m,copernicus_marine_analysis_forecast_daily
pilpilehue,Pilpilehue,-42.714997,-73.618097,2026-06-21,10.21915,32.4635,9,9,0.5,0.0,0.494,6000.0,-42.83333|-42.75000|-42.66666|-42.58333,-73.75000|-73.66666|-73.58333|-73.50000,GLOBAL_ANALYSISFORECAST_PHY_001_024,cmems_mod_glo_phy-thetao_anfc_0.083deg_P1D-m,cmems_mod_glo_phy-so_anfc_0.083deg_P1D-m,copernicus_marine_analysis_forecast_daily
pilpilehue,Pilpilehue,-42.714997,-73.618097,2026-06-22,10.20656,32.47488,9,9,0.5,0.0,0.494,6000.0,-42.83333|-42.75000|-42.66666|-42.58333,-73.75000|-73.66666|-73.58333|-73.50000,GLOBAL_ANALYSISFORECAST_PHY_001_024,cmems_mod_glo_phy-thetao_anfc_0.083deg_P1D-m,cmems_mod_glo_phy-so_anfc_0.083deg_P1D-m,copernicus_marine_analysis_forecast_daily
pilpilehue,Pilpilehue,-42.714997,-73.618097,2026-06-23,10.15657,32.48528,9,9,0.5,0.0,0.494,6000.0,-42.83333|-42.75000|-42.66666|-42.58333,-73.75000|-73.66666|-73.58333|-73.50000,GLOBAL_ANALYSISFORECAST_PHY_001_024,cmems_mod_glo_phy-thetao_anfc_0.083deg_P1D-m,cmems_mod_glo_phy-so_anfc_0.083deg_P1D-m,copernicus_marine_analysis_forecast_daily
pilpilehue,Pilpilehue,-42.714997,-73.618097,2026-06-24,10.19976,32.51199,9,9,0.5,0.0,0.494,6000.0,-42.83333|-42.75000|-42.66666|-42.58333,-73.75000|-73.66666|-73.58333|-73.50000,GLOBAL_ANALYSISFORECAST_PHY_001_024,cmems_mod_glo_phy-thetao_anfc_0.083deg_P1D-m,cmems_mod_glo_phy-so_anfc_0.083deg_P1D-m,copernicus_marine_analysis_forecast_daily
pilpilehue,Pilpilehue,-42.714997,-73.618097,2026-06-25,10.19199,32.53463,9,9,0.5,0.0,0.494,6000.0,-42.83333|-42.75000|-42.66666|-42.58333,-73.75000|-73.66666|-73.58333|-73.50000,GLOBAL_ANALYSISFORECAST_PHY_001_024,cmems_mod_glo_phy-thetao_anfc_0.083deg_P1D-m,cmems_mod_glo_phy-so_anfc_0.083deg_P1D-m,copernicus_marine_analysis_forecast_daily
pilpilehue,Pilpilehue,-42.714997,-73.618097,2026-06-26,10.14363,32.54213,9,9,0.5,0.0,0.494,6000.0,-42.83333|-42.75000|-42.66666|-42.58333,-73.75000|-73.66666|-73.58333|-73.50000,GLOBAL_ANALYSISFORECAST_PHY_001_024,cmems_mod_glo_phy-thetao_anfc_0.083deg_P1D-m,cmems_mod_glo_phy-so_anfc_0.083deg_P1D-m,copernicus_marine_analysis_forecast_daily
