Types,OHSP-350
version,1.70.6
Describe,OHS
Test date,2026-07-13
Test time,20:44:07
E(lx),23.68
Candle E(fc),2.20
CCT(K),100000
Duv,0.03465
CIE x,0.1604
CIE y,0.1773
CIE u,0.1334
CIE v,0.2213
CIE u',0.1334
CIE v',0.3320
SDCM,96.28
Ra,25.8
R1,8
R2,65
R3,17
R4,-18
R5,31
R6,63
R7,40
R8,0
R9,-99
R10,48
R11,-35
R12,56
R13,20
R14,50
R15,7
Ee(mW/c©O),0.013
S/P,5.725
Dominant(nm),478.80
Purity(%),73.0
Half width(nm),23.3
Peak(nm),456.6
Center(nm),460.2
Centroid(nm),484.1
R ratio(%),0.1
G ratio(%),26.8
B ratio(%),73.1
CIE1931 X,31.360
CIE1931 Y,34.672
CIE1931 Z,129.519
TLCI-2012,4
Integral Time(ms),1100.00
Peak Signal,51188
Dark Signal,2979
Compensate level,2862
Start wava(nm),380
End wava(nm),780
Wava(nm),[mW/m2/nm]
380,0.000000,
381,0.000000,
382,0.000000,
383,0.000000,
384,0.000000,
385,0.000000,
386,0.000000,
387,0.000000,
388,0.000000,
389,0.000000,
390,0.000000,
391,0.000000,
392,0.000000,
393,0.000000,
394,0.000000,
395,0.000000,
396,0.000000,
397,0.000000,
398,0.000000,
399,0.000000,
400,0.000000,
401,0.000000,
402,0.000000,
403,0.000000,
404,0.000000,
405,0.000000,
406,0.000000,
407,0.000000,
408,0.000000,
409,0.000000,
410,0.000000,
411,0.000000,
412,0.000000,
413,0.000000,
414,0.000000,
415,0.000000,
416,0.000000,
417,0.000000,
418,0.000000,
419,0.000000,
420,0.000000,
421,0.000000,
422,0.000032,
423,0.000127,
424,0.000563,
425,0.000558,
426,0.001111,
427,0.003227,
428,0.007264,
429,0.014451,
430,0.024526,
431,0.035815,
432,0.047546,
433,0.059616,
434,0.073807,
435,0.093440,
436,0.116126,
437,0.149889,
438,0.194279,
439,0.249368,
440,0.315256,
441,0.393143,
442,0.480908,
443,0.586315,
444,0.705893,
445,0.848684,
446,1.008972,
447,1.199516,
448,1.414724,
449,1.657677,
450,1.911447,
451,2.174356,
452,2.436841,
453,2.687299,
454,2.907562,
455,3.083803,
456,3.202942,
457,3.247933,
458,3.231289,
459,3.170493,
460,3.063364,
461,2.931730,
462,2.770516,
463,2.599900,
464,2.432251,
465,2.283038,
466,2.162955,
467,2.064179,
468,1.987185,
469,1.916460,
470,1.847881,
471,1.773933,
472,1.691476,
473,1.605910,
474,1.528461,
475,1.436932,
476,1.344971,
477,1.252204,
478,1.166143,
479,1.089845,
480,1.023553,
481,0.966057,
482,0.917483,
483,0.879559,
484,0.845910,
485,0.818151,
486,0.791607,
487,0.769976,
488,0.749709,
489,0.731490,
490,0.713591,
491,0.696483,
492,0.676606,
493,0.659777,
494,0.643754,
495,0.629057,
496,0.615686,
497,0.601597,
498,0.592236,
499,0.581182,
500,0.573938,
501,0.566635,
502,0.558706,
503,0.551644,
504,0.548119,
505,0.544179,
506,0.537852,
507,0.532519,
508,0.528494,
509,0.523165,
510,0.516220,
511,0.505460,
512,0.496258,
513,0.489233,
514,0.483963,
515,0.481374,
516,0.479156,
517,0.476465,
518,0.471403,
519,0.468311,
520,0.468159,
521,0.470497,
522,0.471766,
523,0.472076,
524,0.470698,
525,0.469195,
526,0.470036,
527,0.470709,
528,0.470437,
529,0.469932,
530,0.469354,
531,0.473123,
532,0.476236,
533,0.475479,
534,0.473537,
535,0.472634,
536,0.471237,
537,0.466592,
538,0.459909,
539,0.454872,
540,0.450029,
541,0.446400,
542,0.442466,
543,0.439621,
544,0.434913,
545,0.431442,
546,0.427936,
547,0.422172,
548,0.415149,
549,0.404009,
550,0.394602,
551,0.388137,
552,0.382019,
553,0.377026,
554,0.370448,
555,0.363222,
556,0.354355,
557,0.346472,
558,0.339368,
559,0.332001,
560,0.324967,
561,0.318198,
562,0.309917,
563,0.305870,
564,0.301618,
565,0.294986,
566,0.285690,
567,0.270933,
568,0.258982,
569,0.250326,
570,0.244509,
571,0.237270,
572,0.228984,
573,0.219246,
574,0.209697,
575,0.200106,
576,0.187231,
577,0.174521,
578,0.162576,
579,0.151598,
580,0.142674,
581,0.131872,
582,0.122061,
583,0.110517,
584,0.098721,
585,0.088777,
586,0.080613,
587,0.072987,
588,0.067208,
589,0.061765,
590,0.058121,
591,0.052192,
592,0.046812,
593,0.041864,
594,0.038204,
595,0.032327,
596,0.027298,
597,0.022755,
598,0.018874,
599,0.015132,
600,0.009130,
601,0.003849,
602,0.001380,
603,0.000949,
604,0.000942,
605,0.001424,
606,0.001117,
607,0.000838,
608,0.000494,
609,0.000000,
610,0.000000,
611,0.000000,
612,0.000000,
613,0.000000,
614,0.000000,
615,0.000000,
616,0.000000,
617,0.000000,
618,0.000000,
619,0.000000,
620,0.000000,
621,0.000000,
622,0.000000,
623,0.000000,
624,0.000000,
625,0.000000,
626,0.000000,
627,0.000000,
628,0.000000,
629,0.000000,
630,0.000000,
631,0.000000,
632,0.000000,
633,0.000000,
634,0.000000,
635,0.000000,
636,0.000000,
637,0.000000,
638,0.000000,
639,0.000000,
640,0.000000,
641,0.000000,
642,0.000000,
643,0.000000,
644,0.000000,
645,0.000000,
646,0.000000,
647,0.000000,
648,0.000000,
649,0.000000,
650,0.000000,
651,0.000000,
652,0.000000,
653,0.000000,
654,0.000000,
655,0.000000,
656,0.000000,
657,0.000000,
658,0.000000,
659,0.000000,
660,0.000000,
661,0.000041,
662,0.000041,
663,0.000041,
664,0.000210,
665,0.000649,
666,0.000654,
667,0.000660,
668,0.000083,
669,0.000000,
670,0.000000,
671,0.000000,
672,0.000000,
673,0.000000,
674,0.000701,
675,0.000745,
676,0.000750,
677,0.000419,
678,0.000000,
679,0.000093,
680,0.001713,
681,0.002253,
682,0.002242,
683,0.001521,
684,0.000063,
685,0.000000,
686,0.000000,
687,0.000000,
688,0.000000,
689,0.000000,
690,0.000000,
691,0.000000,
692,0.000000,
693,0.000000,
694,0.000000,
695,0.000000,
696,0.000000,
697,0.000000,
698,0.000000,
699,0.000000,
700,0.000000,
701,0.000000,
702,0.000000,
703,0.000000,
704,0.000000,
705,0.000000,
706,0.000000,
707,0.000415,
708,0.001191,
709,0.001202,
710,0.001213,
711,0.000146,
712,0.000000,
713,0.000000,
714,0.000000,
715,0.000000,
716,0.000000,
717,0.000000,
718,0.000000,
719,0.000000,
720,0.000000,
721,0.000000,
722,0.000000,
723,0.000000,
724,0.000000,
725,0.000000,
726,0.000000,
727,0.000000,
728,0.000000,
729,0.000000,
730,0.000000,
731,0.000000,
732,0.000000,
733,0.000000,
734,0.000000,
735,0.000000,
736,0.000000,
737,0.000000,
738,0.000000,
739,0.000000,
740,0.000000,
741,0.000000,
742,0.000000,
743,0.000000,
744,0.000000,
745,0.000000,
746,0.000000,
747,0.000000,
748,0.001380,
749,0.009328,
750,0.018560,
751,0.018777,
752,0.014676,
753,0.001823,
754,0.000360,
755,0.000364,
756,0.000195,
757,0.000000,
758,0.000000,
759,0.000000,
760,0.000000,
761,0.000000,
762,0.000000,
763,0.000000,
764,0.000283,
765,0.000722,
766,0.000735,
767,0.000750,
768,0.000155,
769,0.000000,
770,0.000000,
771,0.000000,
772,0.000608,
773,0.000816,
774,0.000823,
775,0.000662,
776,0.000000,
777,0.000000,
778,0.000000,
779,0.000000,
780,0.000000,
