horizontal_m,vertical_m,observed_lux,simulated_lamp_lux,simulated_total_lux,total_lux_p05,total_lux_p50,total_lux_p95,observed_equivalent_irradiance_W_m2,lamp_irradiance_W_m2,total_equivalent_irradiance_W_m2,irradiance_p05_W_m2,irradiance_p95_W_m2,relative_error_pct
1,1,5570.2,2567.4415,2599.5499,1491.5079,2210.0621,4855.1614,18.201217,8.3893862,8.494304,4.455419,15.120329,-53.3311
2,1,216.5,221.8816,253.99007,157.04132,245.79289,582.67348,0.70743662,0.72502157,0.82993938,0.47607921,1.8212639,17.3164
3,1,85.8,35.731456,67.839925,44.121928,67.687948,149.12203,0.28036056,0.11675631,0.22167412,0.13753711,0.48099907,-20.9325
4,1,42.2,9.1809551,41.289424,26.55886,39.545376,86.459497,0.13789296,0.029999741,0.13491755,0.080839471,0.27606713,-2.15776
5,1,44.7,3.0761487,35.184617,22.212008,32.609579,70.589018,0.14606197,0.010051641,0.11496945,0.069297002,0.22944865,-21.2872
6,1,37.1,1.2135518,33.322021,20.563582,30.436018,67.749682,0.12122817,0.0039654087,0.10888322,0.062315003,0.21586612,-10.1832
7,1,37.9,0.53396763,32.642436,20.163473,28.812836,67.488131,0.12384225,0.0017447956,0.10666261,0.062229595,0.21036076,-13.8722
8,1,33.6,0.25441142,32.36288,19.720154,28.769533,63.538773,0.10979155,0.00083131618,0.10574913,0.060188134,0.20237095,-3.6819
1,2,1990.4,789.17151,821.27998,512.42377,761.35758,1783.8906,6.5038423,2.5787013,2.6836191,1.5857232,5.7226888,-58.7379
2,2,831.4,430.86666,462.97513,269.86171,398.5011,925.04822,2.7166873,1.4079023,1.5128201,0.83376792,3.0193721,-44.3138
3,2,448.4,110.77007,142.87854,87.958477,130.98751,310.98024,1.4651944,0.3619529,0.46687071,0.2689781,1.0225427,-68.1359
4,2,52.2,29.537236,61.645705,38.413841,56.812776,122.97141,0.17056901,0.096516039,0.20143385,0.12229046,0.38489708,18.0952
5,2,43.4,9.6331633,41.741632,26.552357,38.793645,83.133896,0.14181408,0.031477379,0.13639519,0.081646871,0.26044126,-3.82112
6,2,36.4,3.6638069,35.772276,22.804961,33.115462,71.065715,0.11894085,0.011971876,0.11688969,0.069008363,0.22467506,-1.72452
7,2,49,1.5553795,33.663848,21.009555,30.159191,68.579899,0.16011268,0.0050823667,0.11000018,0.064552317,0.21468217,-31.2983
8,2,34.6,0.71806835,32.826537,19.590882,28.971771,61.49194,0.11305915,0.0023463642,0.10726418,0.061717348,0.18860828,-5.12562
1,3,579.4,258.39778,290.50625,177.44891,273.19221,613.20061,1.8932507,0.84434204,0.94925985,0.54064396,1.8730833,-49.8608
2,3,312.3,229.07832,261.18679,158.37857,236.06963,522.86954,1.0204732,0.74853761,0.85345543,0.47338833,1.7298402,-16.3667
3,3,332.4,128.54722,160.65569,92.633647,139.40474,303.64266,1.0861521,0.42004164,0.52495945,0.28087951,0.97181451,-51.668
4,3,110.7,50.439741,82.54821,50.575568,72.280296,155.49864,0.36172394,0.16481718,0.269735,0.15541442,0.49233504,-25.4307
5,3,60.3,17.953519,50.061988,31.893056,46.546926,101.88483,0.19703662,0.058665021,0.16358283,0.097353581,0.3146616,-16.9785
6,3,35.1,6.9903012,39.09877,25.216019,35.740107,77.940447,0.11469296,0.022841548,0.12775936,0.077516492,0.24548845,11.3925
7,3,42.7,2.9801702,35.088639,22.127925,32.386118,71.374166,0.13952676,0.0097380209,0.11465583,0.06737518,0.22643487,-17.8252
8,3,47,1.3712566,33.479725,20.659149,30.365239,68.105041,0.15357746,0.0044807259,0.10939854,0.064409016,0.22077626,-28.7665
1,4,103.1,105.94664,138.05511,81.857442,124.73868,291.48346,0.33689014,0.34619184,0.45110965,0.25127083,0.89602921,33.9041
2,4,120.8,105.05578,137.16425,87.843832,128.37587,293.9198,0.39472676,0.34328087,0.44819868,0.27199152,0.91829915,13.5466
3,4,85.5,82.977505,115.08597,69.184271,105.30982,241.34423,0.27938028,0.27113776,0.37605557,0.21776243,0.7727048,34.6035
4,4,65.3,48.538636,80.647104,48.621124,71.490676,157.93416,0.21337465,0.15860512,0.26352293,0.14834353,0.47721923,23.5025
5,4,47.7,23.885605,55.994074,34.293223,51.150602,105.78385,0.15586479,0.078048738,0.18296655,0.1046747,0.35339423,17.388
6,4,33.1,10.024166,42.132634,26.847382,38.188445,83.750803,0.10815775,0.03275502,0.13767283,0.083098296,0.26817387,27.2889
7,4,36.9,4.4956547,36.604123,22.687676,33.100527,76.050203,0.12057465,0.014690027,0.11960784,0.070912684,0.24137687,-0.801834
8,4,35.1,2.0937604,34.202229,21.494218,31.151474,68.779555,0.11469296,0.0068415831,0.1117594,0.06500738,0.22047028,-2.55775
1,5,98.1,49.599228,81.707696,49.504445,77.873434,153.36954,0.32055211,0.16207072,0.26698853,0.15088126,0.5048601,-16.7098
2,5,60.3,50.984269,83.092738,51.16994,77.873039,169.13591,0.19703662,0.16659648,0.2715143,0.15753102,0.55174446,37.7989
3,5,80.5,45.374582,77.483051,48.195405,70.521063,156.13958,0.26304225,0.14826624,0.25318405,0.14682697,0.50002166,-3.74776
4,5,85.5,34.605999,66.714468,40.664247,58.053625,126.20219,0.27938028,0.11307876,0.21799657,0.12375321,0.40588755,-21.9714
5,5,60.3,20.853064,52.961532,31.588085,46.861106,98.144068,0.19703662,0.068139588,0.1730574,0.095694725,0.31201702,-12.1699
6,5,40.2,11.815126,43.923595,27.261298,39.43038,86.180378,0.13135775,0.038607173,0.14352499,0.084330475,0.27246224,9.26267
7,5,30.1,5.542365,37.650834,23.487278,34.041335,75.167112,0.09835493,0.018110263,0.12302808,0.072130203,0.23810747,25.0858
8,5,32.6,2.7163292,34.824798,21.576547,31.223189,71.168601,0.10652394,0.0088758928,0.11379371,0.065961864,0.22156139,6.82453
1,6,60.3,25.339581,57.448049,35.083995,52.831143,113.67787,0.19703662,0.082799756,0.18771757,0.10874573,0.36525448,-4.7296
2,6,50.2,26.495409,58.603878,37.277239,54.102461,123.08575,0.1640338,0.086576548,0.19149436,0.11623803,0.3871107,16.7408
3,6,45.9,24.862569,56.971038,36.479521,52.592901,109.46093,0.1499831,0.08124107,0.18615888,0.11109441,0.34868516,24.1199
4,6,36.4,20.730501,52.83897,33.276319,48.353073,104.18884,0.11894085,0.067739103,0.17265692,0.10151205,0.34263989,45.162
5,6,38.1,15.788812,47.897281,29.567772,42.86284,91.962051,0.12449577,0.051591612,0.15650943,0.091034232,0.28444905,25.7146
6,6,32.6,9.7209724,41.829441,25.909646,38.02712,79.108902,0.10652394,0.031764304,0.13668212,0.080244858,0.25325267,28.3112
7,6,26,5.8945303,38.002999,23.517606,33.583796,71.084968,0.084957746,0.019261,0.12417881,0.072908086,0.22594874,46.1654
8,6,28.3,3.0812021,35.189671,21.659889,32.100424,66.530247,0.092473239,0.010068153,0.11498597,0.067244011,0.21594739,24.3451
